method,step,r1x,r1y,r2x,r2y,v1x,v1y,v2x,v2y
Euler,0,1.18435e-12,0,1,0.000628319,1.18435e-08,0,-0.00394784,6.28319
Euler,1,3.55306e-12,7.44151e-16,0.999999,0.00125664,2.36871e-08,7.44151e-12,-0.00789568,6.28318
Euler,2,7.10612e-12,2.9766e-15,0.999998,0.00188495,3.55306e-08,2.23245e-11,-0.0118435,6.28318
Euler,3,1.18435e-11,7.44151e-15,0.999996,0.00251327,4.73741e-08,4.46491e-11,-0.0157914,6.28317
Euler,4,1.77653e-11,1.4883e-14,0.999994,0.00314159,5.92176e-08,7.44152e-11,-0.0197392,6.28316
Euler,5,2.48714e-11,2.60453e-14,0.999992,0.0037699,7.10611e-08,1.11623e-10,-0.023687,6.28315
Euler,6,3.31619e-11,4.16725e-14,0.999989,0.00439822,8.29046e-08,1.56272e-10,-0.0276349,6.28313
Euler,7,4.26367e-11,6.25087e-14,0.999986,0.00502653,9.4748e-08,2.08362e-10,-0.0315827,6.28312
Euler,8,5.32958e-11,8.92982e-14,0.999982,0.00565484,1.06591e-07,2.67895e-10,-0.0355305,6.2831
Euler,9,6.51393e-11,1.22785e-13,0.999978,0.00628314,1.18435e-07,3.34868e-10,-0.0394783,6.28307
Euler,10,7.81671e-11,1.63713e-13,0.999974,0.00691145,1.30278e-07,4.09283e-10,-0.043426,6.28305
Euler,11,9.23792e-11,2.12827e-13,0.999969,0.00753975,1.42121e-07,4.9114e-10,-0.0473738,6.28302
Euler,12,1.07776e-10,2.70871e-13,0.999964,0.00816805,1.53965e-07,5.80437e-10,-0.0513216,6.28299
Euler,13,1.24356e-10,3.38589e-13,0.999959,0.00879635,1.65808e-07,6.77177e-10,-0.0552693,6.28296
Euler,14,1.42122e-10,4.16724e-13,0.999953,0.00942464,1.77651e-07,7.81357e-10,-0.059217,6.28292
Euler,15,1.61071e-10,5.06022e-13,0.999946,0.0100529,1.89494e-07,8.92979e-10,-0.0631647,6.28289
Euler,16,1.81205e-10,6.07227e-13,0.99994,0.0106812,2.01337e-07,1.01204e-09,-0.0671124,6.28285
Euler,17,2.02523e-10,7.21081e-13,0.999932,0.0113095,2.1318e-07,1.13855e-09,-0.07106,6.28281
Euler,18,2.25025e-10,8.48331e-13,0.999925,0.0119378,2.25023e-07,1.27249e-09,-0.0750076,6.28276
Euler,19,2.48712e-10,9.89718e-13,0.999917,0.012566,2.36866e-07,1.41388e-09,-0.0789552,6.28271
Euler,20,2.73582e-10,1.14599e-12,0.999909,0.0131943,2.48708e-07,1.56271e-09,-0.0829028,6.28266
Euler,21,2.99637e-10,1.31789e-12,0.9999,0.0138226,2.60551e-07,1.71898e-09,-0.0868503,6.28261
Euler,22,3.26877e-10,1.50616e-12,0.999891,0.0144508,2.72393e-07,1.88269e-09,-0.0907978,6.28256
Euler,23,3.553e-10,1.71154e-12,0.999882,0.0150791,2.84236e-07,2.05384e-09,-0.0947453,6.2825
Euler,24,3.84908e-10,1.93478e-12,0.999872,0.0157073,2.96078e-07,2.23243e-09,-0.0986927,6.28244
Euler,25,4.157e-10,2.17663e-12,0.999861,0.0163356,3.0792e-07,2.41846e-09,-0.10264,6.28238
Euler,26,4.47676e-10,2.43782e-12,0.999851,0.0169638,3.19762e-07,2.61194e-09,-0.106587,6.28231
Euler,27,4.80837e-10,2.71911e-12,0.99984,0.017592,3.31604e-07,2.81285e-09,-0.110535,6.28225
Euler,28,5.15181e-10,3.02123e-12,0.999828,0.0182202,3.43446e-07,3.02121e-09,-0.114482,6.28218
Euler,29,5.5071e-10,3.34493e-12,0.999816,0.0188484,3.55288e-07,3.237e-09,-0.118429,6.28211
Euler,30,5.87423e-10,3.69095e-12,0.999804,0.0194766,3.67129e-07,3.46024e-09,-0.122376,6.28203
Euler,31,6.2532e-10,4.06004e-12,0.999792,0.0201048,3.78971e-07,3.69091e-09,-0.126324,6.28196
Euler,32,6.64401e-10,4.45295e-12,0.999779,0.020733,3.90812e-07,3.92903e-09,-0.130271,6.28188
Euler,33,7.04667e-10,4.8704e-12,0.999765,0.0213612,4.02653e-07,4.17459e-09,-0.134218,6.28179
Euler,34,7.46116e-10,5.31316e-12,0.999751,0.0219894,4.14494e-07,4.42758e-09,-0.138165,6.28171
Euler,35,7.8875e-10,5.78196e-12,0.999737,0.0226175,4.26335e-07,4.68802e-09,-0.142112,6.28162
Euler,36,8.32567e-10,6.27755e-12,0.999722,0.0232457,4.38176e-07,4.9559e-09,-0.146059,6.28153
Euler,37,8.77569e-10,6.80068e-12,0.999707,0.0238738,4.50016e-07,5.23121e-09,-0.150005,6.28144
Euler,38,9.23755e-10,7.35207e-12,0.999692,0.024502,4.61856e-07,5.51397e-09,-0.153952,6.28135
Euler,39,9.71124e-10,7.93249e-12,0.999676,0.0251301,4.73697e-07,5.80417e-09,-0.157899,6.28125
Euler,40,1.01968e-09,8.54267e-12,0.99966,0.0257582,4.85537e-07,6.1018e-09,-0.161846,6.28115
Euler,41,1.06942e-09,9.18336e-12,0.999644,0.0263863,4.97376e-07,6.40688e-09,-0.165792,6.28105
Euler,42,1.12034e-09,9.8553e-12,0.999627,0.0270144,5.09216e-07,6.71939e-09,-0.169739,6.28095
Euler,43,1.17244e-09,1.05592e-11,0.999609,0.0276425,5.21055e-07,7.03935e-09,-0.173685,6.28084
Euler,44,1.22573e-09,1.12959e-11,0.999591,0.0282706,5.32895e-07,7.36674e-09,-0.177632,6.28073
Euler,45,1.28021e-09,1.20661e-11,0.999573,0.0288986,5.44734e-07,7.70157e-09,-0.181578,6.28062
Euler,46,1.33586e-09,1.28704e-11,0.999555,0.0295267,5.56572e-07,8.04384e-09,-0.185524,6.2805
Euler,47,1.3927e-09,1.37098e-11,0.999536,0.0301547,5.68411e-07,8.39355e-09,-0.18947,6.28039
Euler,48,1.45073e-09,1.45849e-11,0.999516,0.0307827,5.80249e-07,8.7507e-09,-0.193416,6.28027
Euler,49,1.50994e-09,1.54964e-11,0.999497,0.0314108,5.92087e-07,9.11529e-09,-0.197362,6.28015
Euler,50,1.57033e-09,1.64451e-11,0.999477,0.0320388,6.03925e-07,9.48731e-09,-0.201308,6.28002
Euler,51,1.63191e-09,1.74318e-11,0.999456,0.0326668,6.15763e-07,9.86678e-09,-0.205254,6.2799
Euler,52,1.69467e-09,1.84572e-11,0.999435,0.0332947,6.27601e-07,1.02537e-08,-0.2092,6.27977
Euler,53,1.75861e-09,1.9522e-11,0.999414,0.0339227,6.39438e-07,1.0648e-08,-0.213146,6.27964
Euler,54,1.82374e-09,2.0627e-11,0.999392,0.0345506,6.51275e-07,1.10498e-08,-0.217092,6.2795
Euler,55,1.89005e-09,2.17729e-11,0.99937,0.0351786,6.63111e-07,1.1459e-08,-0.221037,6.27937
Euler,56,1.95754e-09,2.29604e-11,0.999347,0.0358065,6.74948e-07,1.18757e-08,-0.224983,6.27923
Euler,57,2.02622e-09,2.41904e-11,0.999325,0.0364344,6.86784e-07,1.22998e-08,-0.228928,6.27909
Euler,58,2.09608e-09,2.54635e-11,0.999301,0.0370623,6.9862e-07,1.27313e-08,-0.232873,6.27894
Euler,59,2.16713e-09,2.67806e-11,0.999278,0.0376902,7.10456e-07,1.31702e-08,-0.236819,6.2788
Euler,60,2.23936e-09,2.81422e-11,0.999254,0.038318,7.22291e-07,1.36166e-08,-0.240764,6.27865
Euler,61,2.31277e-09,2.95493e-11,0.999229,0.0389459,7.34126e-07,1.40705e-08,-0.244709,6.2785
Euler,62,2.38737e-09,3.10024e-11,0.999204,0.0395737,7.45961e-07,1.45318e-08,-0.248654,6.27834
Euler,63,2.46315e-09,3.25025e-11,0.999179,0.0402016,7.57796e-07,1.50005e-08,-0.252599,6.27819
Euler,64,2.54011e-09,3.40502e-11,0.999153,0.0408294,7.6963e-07,1.54766e-08,-0.256543,6.27803
Euler,65,2.61826e-09,3.56462e-11,0.999127,0.0414571,7.81464e-07,1.59602e-08,-0.260488,6.27787
Euler,66,2.69759e-09,3.72913e-11,0.999101,0.0420849,7.93297e-07,1.64512e-08,-0.264432,6.2777
Euler,67,2.7781e-09,3.89863e-11,0.999074,0.0427127,8.05131e-07,1.69497e-08,-0.268377,6.27754
Euler,68,2.8598e-09,4.07318e-11,0.999047,0.0433404,8.16964e-07,1.74556e-08,-0.272321,6.27737
Euler,69,2.94268e-09,4.25287e-11,0.999019,0.0439681,8.28796e-07,1.79689e-08,-0.276265,6.2772
Euler,70,3.02674e-09,4.43777e-11,0.998991,0.0445958,8.40629e-07,1.84896e-08,-0.28021,6.27702
Euler,71,3.11198e-09,4.62794e-11,0.998963,0.0452235,8.52461e-07,1.90178e-08,-0.284154,6.27685
Euler,72,3.19841e-09,4.82348e-11,0.998934,0.0458512,8.64293e-07,1.95535e-08,-0.288098,6.27667
Euler,73,3.28603e-09,5.02444e-11,0.998905,0.0464788,8.76124e-07,2.00965e-08,-0.292041,6.27649
Euler,74,3.37482e-09,5.23091e-11,0.998875,0.0471065,8.87955e-07,2.0647e-08,-0.295985,6.2763
Euler,75,3.4648e-09,5.44296e-11,0.998845,0.0477341,8.99786e-07,2.12049e-08,-0.299929,6.27612
Euler,76,3.55596e-09,5.66067e-11,0.998815,0.0483617,9.11616e-07,2.17703e-08,-0.303872,6.27593
Euler,77,3.64831e-09,5.8841e-11,0.998784,0.0489892,9.23446e-07,2.23431e-08,-0.307815,6.27574
Euler,78,3.74183e-09,6.11333e-11,0.998753,0.0496168,9.35276e-07,2.29233e-08,-0.311759,6.27554
Euler,79,3.83654e-09,6.34844e-11,0.998721,0.0502443,9.47105e-07,2.3511e-08,-0.315702,6.27535
Euler,80,3.93244e-09,6.5895e-11,0.998689,0.0508718,9.58934e-07,2.41061e-08,-0.319645,6.27515
Euler,81,4.02951e-09,6.83659e-11,0.998657,0.0514993,9.70763e-07,2.47086e-08,-0.323588,6.27495
Euler,82,4.12777e-09,7.08978e-11,0.998624,0.0521268,9.82591e-07,2.53186e-08,-0.32753,6.27475
Euler,83,4.22721e-09,7.34914e-11,0.998591,0.0527543,9.94419e-07,2.5936e-08,-0.331473,6.27454
Euler,84,4.32784e-09,7.61474e-11,0.998557,0.0533817,1.00625e-06,2.65608e-08,-0.335415,6.27433
Euler,85,4.42965e-09,7.88667e-11,0.998523,0.0540091,1.01807e-06,2.71931e-08,-0.339358,6.27412
Euler,86,4.53264e-09,8.165e-11,0.998489,0.0546365,1.0299e-06,2.78328e-08,-0.3433,6.27391
Euler,87,4.63681e-09,8.4498e-11,0.998454,0.0552639,1.04173e-06,2.84799e-08,-0.347242,6.27369
Euler,88,4.74216e-09,8.74115e-11,0.998419,0.0558912,1.05355e-06,2.91345e-08,-0.351184,6.27347
Euler,89,4.8487e-09,9.03911e-11,0.998384,0.0565185,1.06538e-06,2.97964e-08,-0.355126,6.27325
Euler,90,4.95642e-09,9.34377e-11,0.998348,0.0571458,1.0772e-06,3.04658e-08,-0.359067,6.27303
Euler,91,5.06533e-09,9.6552e-11,0.998312,0.0577731,1.08903e-06,3.11427e-08,-0.363009,6.2728
Euler,92,5.17541e-09,9.97347e-11,0.998275,0.0584004,1.10085e-06,3.1827e-08,-0.36695,6.27258
Euler,93,5.28668e-09,1.02987e-10,0.998238,0.0590276,1.11267e-06,3.25187e-08,-0.370892,6.27235
Euler,94,5.39913e-09,1.06308e-10,0.9982,0.0596548,1.1245e-06,3.32178e-08,-0.374833,6.27211
Euler,95,5.51276e-09,1.09701e-10,0.998162,0.060282,1.13632e-06,3.39244e-08,-0.378774,6.27188
Euler,96,5.62757e-09,1.13165e-10,0.998124,0.0609092,1.14814e-06,3.46384e-08,-0.382715,6.27164
Euler,97,5.74357e-09,1.16701e-10,0.998085,0.0615363,1.15997e-06,3.53598e-08,-0.386655,6.2714
Euler,98,5.86075e-09,1.20309e-10,0.998046,0.0621634,1.17179e-06,3.60886e-08,-0.390596,6.27116
Euler,99,5.97911e-09,1.23992e-10,0.998007,0.0627905,1.18361e-06,3.68249e-08,-0.394536,6.27091
Euler,100,6.09865e-09,1.27749e-10,0.997967,0.0634176,1.19543e-06,3.75686e-08,-0.398476,6.27066
Euler,101,6.21938e-09,1.31581e-10,0.997927,0.0640446,1.20725e-06,3.83197e-08,-0.402416,6.27041
Euler,102,6.34128e-09,1.35489e-10,0.997886,0.0646716,1.21907e-06,3.90783e-08,-0.406356,6.27016
Euler,103,6.46437e-09,1.39473e-10,0.997845,0.0652986,1.23089e-06,3.98443e-08,-0.410296,6.2699
Euler,104,6.58864e-09,1.43535e-10,0.997804,0.0659256,1.24271e-06,4.06177e-08,-0.414236,6.26965
Euler,105,6.7141e-09,1.47675e-10,0.997762,0.0665525,1.25452e-06,4.13985e-08,-0.418175,6.26939
Euler,106,6.84073e-09,1.51893e-10,0.99772,0.0671795,1.26634e-06,4.21868e-08,-0.422114,6.26912
Euler,107,6.96855e-09,1.56192e-10,0.997677,0.0678063,1.27816e-06,4.29825e-08,-0.426053,6.26886
Euler,108,7.09754e-09,1.6057e-10,0.997634,0.0684332,1.28998e-06,4.37856e-08,-0.429992,6.26859
Euler,109,7.22772e-09,1.6503e-10,0.997591,0.06906,1.30179e-06,4.45962e-08,-0.433931,6.26832
Euler,110,7.35908e-09,1.69571e-10,0.997547,0.0696868,1.31361e-06,4.54141e-08,-0.43787,6.26805
Euler,111,7.49163e-09,1.74195e-10,0.997503,0.0703136,1.32542e-06,4.62395e-08,-0.441808,6.26777
Euler,112,7.62535e-09,1.78902e-10,0.997458,0.0709404,1.33724e-06,4.70723e-08,-0.445746,6.26749
Euler,113,7.76026e-09,1.83694e-10,0.997413,0.0715671,1.34905e-06,4.79126e-08,-0.449684,6.26721
Euler,114,7.89634e-09,1.8857e-10,0.997368,0.0721938,1.36087e-06,4.87602e-08,-0.453622,6.26693
Euler,115,8.03361e-09,1.93531e-10,0.997322,0.0728204,1.37268e-06,4.96153e-08,-0.45756,6.26665
Euler,116,8.17206e-09,1.98579e-10,0.997276,0.0734471,1.38449e-06,5.04778e-08,-0.461497,6.26636
Euler,117,8.31169e-09,2.03714e-10,0.997229,0.0740737,1.3963e-06,5.13478e-08,-0.465435,6.26607
Euler,118,8.4525e-09,2.08936e-10,0.997182,0.0747003,1.40812e-06,5.22251e-08,-0.469372,6.26578
Euler,119,8.5945e-09,2.14247e-10,0.997135,0.0753268,1.41993e-06,5.31099e-08,-0.473309,6.26548
Euler,120,8.73767e-09,2.19647e-10,0.997087,0.0759533,1.43174e-06,5.40021e-08,-0.477246,6.26518
Euler,121,8.88202e-09,2.25138e-10,0.997039,0.0765798,1.44355e-06,5.49017e-08,-0.481182,6.26488
Euler,122,9.02756e-09,2.30718e-10,0.996991,0.0772063,1.45536e-06,5.58088e-08,-0.485119,6.26458
Euler,123,9.17428e-09,2.36391e-10,0.996942,0.0778327,1.46717e-06,5.67232e-08,-0.489055,6.26428
Euler,124,9.32217e-09,2.42155e-10,0.996893,0.0784591,1.47897e-06,5.76451e-08,-0.492991,6.26397
Euler,125,9.47125e-09,2.48013e-10,0.996843,0.0790855,1.49078e-06,5.85744e-08,-0.496927,6.26366
Euler,126,9.62151e-09,2.53964e-10,0.996793,0.0797118,1.50259e-06,5.95111e-08,-0.500863,6.26335
Euler,127,9.77295e-09,2.60009e-10,0.996742,0.0803381,1.51439e-06,6.04553e-08,-0.504798,6.26303
Euler,128,9.92557e-09,2.6615e-10,0.996691,0.0809644,1.5262e-06,6.14068e-08,-0.508733,6.26272
Euler,129,1.00794e-08,2.72387e-10,0.99664,0.0815906,1.53801e-06,6.23658e-08,-0.512669,6.2624
Euler,130,1.02344e-08,2.7872e-10,0.996589,0.0822168,1.54981e-06,6.33322e-08,-0.516603,6.26207
Euler,131,1.03905e-08,2.8515e-10,0.996536,0.082843,1.56161e-06,6.4306e-08,-0.520538,6.26175
Euler,132,1.05479e-08,2.91679e-10,0.996484,0.0834691,1.57342e-06,6.52872e-08,-0.524473,6.26142
Euler,133,1.07064e-08,2.98307e-10,0.996431,0.0840952,1.58522e-06,6.62759e-08,-0.528407,6.26109
Euler,134,1.08661e-08,3.05034e-10,0.996378,0.0847213,1.59702e-06,6.7272e-08,-0.532341,6.26076
Euler,135,1.1027e-08,3.11862e-10,0.996324,0.0853474,1.60882e-06,6.82754e-08,-0.536275,6.26043
Euler,136,1.1189e-08,3.1879e-10,0.99627,0.0859734,1.62063e-06,6.92863e-08,-0.540208,6.26009
Euler,137,1.13523e-08,3.25821e-10,0.996216,0.0865994,1.63243e-06,7.03046e-08,-0.544142,6.25975
Euler,138,1.15167e-08,3.32954e-10,0.996161,0.0872253,1.64423e-06,7.13304e-08,-0.548075,6.25941
Euler,139,1.16823e-08,3.4019e-10,0.996106,0.0878512,1.65602e-06,7.23635e-08,-0.552008,6.25906
Euler,140,1.18491e-08,3.4753e-10,0.99605,0.0884771,1.66782e-06,7.34041e-08,-0.555941,6.25872
Euler,141,1.2017e-08,3.54976e-10,0.995994,0.0891029,1.67962e-06,7.4452e-08,-0.559873,6.25837
Euler,142,1.21862e-08,3.62526e-10,0.995938,0.0897287,1.69142e-06,7.55074e-08,-0.563806,6.25802
Euler,143,1.23565e-08,3.70183e-10,0.995881,0.0903545,1.70321e-06,7.65702e-08,-0.567738,6.25766
Euler,144,1.2528e-08,3.77947e-10,0.995824,0.0909802,1.71501e-06,7.76404e-08,-0.57167,6.25731
Euler,145,1.27007e-08,3.85819e-10,0.995766,0.0916059,1.7268e-06,7.8718e-08,-0.575602,6.25695
Euler,146,1.28745e-08,3.938e-10,0.995708,0.0922316,1.7386e-06,7.98031e-08,-0.579533,6.25658
Euler,147,1.30496e-08,4.01889e-10,0.99565,0.0928572,1.75039e-06,8.08955e-08,-0.583464,6.25622
Euler,148,1.32258e-08,4.10089e-10,0.995591,0.0934828,1.76219e-06,8.19953e-08,-0.587395,6.25585
Euler,149,1.34032e-08,4.18399e-10,0.995532,0.0941083,1.77398e-06,8.31026e-08,-0.591326,6.25548
Euler,150,1.35818e-08,4.26821e-10,0.995473,0.0947338,1.78577e-06,8.42173e-08,-0.595257,6.25511
Euler,151,1.37615e-08,4.35355e-10,0.995413,0.0953593,1.79756e-06,8.53394e-08,-0.599187,6.25474
Euler,152,1.39425e-08,4.44001e-10,0.995353,0.0959847,1.80935e-06,8.64689e-08,-0.603117,6.25436
Euler,153,1.41246e-08,4.52762e-10,0.995292,0.0966101,1.82114e-06,8.76058e-08,-0.607047,6.25398
Euler,154,1.43079e-08,4.61637e-10,0.995231,0.0972355,1.83293e-06,8.87501e-08,-0.610976,6.2536
Euler,155,1.44923e-08,4.70627e-10,0.995169,0.0978608,1.84472e-06,8.99018e-08,-0.614906,6.25322
Euler,156,1.4678e-08,4.79733e-10,0.995107,0.0984861,1.8565e-06,9.10609e-08,-0.618835,6.25283
Euler,157,1.48648e-08,4.88956e-10,0.995045,0.0991113,1.86829e-06,9.22274e-08,-0.622764,6.25244
Euler,158,1.50528e-08,4.98296e-10,0.994982,0.0997365,1.88008e-06,9.34014e-08,-0.626693,6.25205
Euler,159,1.5242e-08,5.07754e-10,0.994919,0.100362,1.89186e-06,9.45827e-08,-0.630621,6.25166
Euler,160,1.54324e-08,5.17332e-10,0.994856,0.100987,1.90365e-06,9.57715e-08,-0.634549,6.25126
Euler,161,1.56239e-08,5.27028e-10,0.994792,0.101612,1.91543e-06,9.69676e-08,-0.638477,6.25086
Euler,162,1.58166e-08,5.36845e-10,0.994728,0.102237,1.92721e-06,9.81712e-08,-0.642405,6.25046
Euler,163,1.60105e-08,5.46784e-10,0.994663,0.102862,1.939e-06,9.93821e-08,-0.646332,6.25006
Euler,164,1.62056e-08,5.56844e-10,0.994598,0.103487,1.95078e-06,1.00601e-07,-0.650259,6.24965
Euler,165,1.64019e-08,5.67026e-10,0.994533,0.104112,1.96256e-06,1.01826e-07,-0.654186,6.24924
Euler,166,1.65993e-08,5.77332e-10,0.994467,0.104737,1.97434e-06,1.03059e-07,-0.658113,6.24883
Euler,167,1.67979e-08,5.87762e-10,0.994401,0.105362,1.98612e-06,1.043e-07,-0.662039,6.24842
Euler,168,1.69977e-08,5.98317e-10,0.994334,0.105986,1.9979e-06,1.05548e-07,-0.665965,6.248
Euler,169,1.71987e-08,6.08997e-10,0.994267,0.106611,2.00967e-06,1.06803e-07,-0.669891,6.24758
Euler,170,1.74008e-08,6.19804e-10,0.9942,0.107236,2.02145e-06,1.08066e-07,-0.673817,6.24716
Euler,171,1.76041e-08,6.30738e-10,0.994132,0.107861,2.03323e-06,1.09336e-07,-0.677742,6.24674
Euler,172,1.78086e-08,6.41799e-10,0.994064,0.108485,2.045e-06,1.10614e-07,-0.681667,6.24631
Euler,173,1.80143e-08,6.52989e-10,0.993995,0.10911,2.05678e-06,1.11899e-07,-0.685592,6.24589
Euler,174,1.82212e-08,6.64308e-10,0.993926,0.109734,2.06855e-06,1.13191e-07,-0.689516,6.24545
Euler,175,1.84292e-08,6.75757e-10,0.993857,0.110359,2.08032e-06,1.14491e-07,-0.693441,6.24502
Euler,176,1.86384e-08,6.87337e-10,0.993787,0.110983,2.09209e-06,1.15798e-07,-0.697365,6.24459
Euler,177,1.88488e-08,6.99048e-10,0.993717,0.111608,2.10387e-06,1.17113e-07,-0.701288,6.24415
Euler,178,1.90604e-08,7.10892e-10,0.993647,0.112232,2.11564e-06,1.18435e-07,-0.705212,6.24371
Euler,179,1.92731e-08,7.22868e-10,0.993576,0.112856,2.12741e-06,1.19764e-07,-0.709135,6.24326
Euler,180,1.9487e-08,7.34978e-10,0.993504,0.113481,2.13917e-06,1.21101e-07,-0.713058,6.24282
Euler,181,1.97021e-08,7.47223e-10,0.993433,0.114105,2.15094e-06,1.22445e-07,-0.716981,6.24237
Euler,182,1.99184e-08,7.59602e-10,0.993361,0.114729,2.16271e-06,1.23797e-07,-0.720903,6.24192
Euler,183,2.01358e-08,7.72118e-10,0.993288,0.115353,2.17448e-06,1.25156e-07,-0.724825,6.24147
Euler,184,2.03545e-08,7.8477e-10,0.993215,0.115977,2.18624e-06,1.26522e-07,-0.728747,6.24101
Euler,185,2.05743e-08,7.9756e-10,0.993142,0.116601,2.198e-06,1.27896e-07,-0.732668,6.24055
Euler,186,2.07952e-08,8.10487e-10,0.993068,0.117225,2.20977e-06,1.29277e-07,-0.736589,6.24009
Euler,187,2.10174e-08,8.23554e-10,0.992994,0.117849,2.22153e-06,1.30665e-07,-0.74051,6.23963
Euler,188,2.12407e-08,8.3676e-10,0.99292,0.118473,2.23329e-06,1.32061e-07,-0.744431,6.23916
Euler,189,2.14652e-08,8.50107e-10,0.992845,0.119097,2.24505e-06,1.33464e-07,-0.748351,6.2387
Euler,190,2.16909e-08,8.63594e-10,0.99277,0.119721,2.25681e-06,1.34875e-07,-0.752271,6.23823
Euler,191,2.19178e-08,8.77223e-10,0.992694,0.120345,2.26857e-06,1.36293e-07,-0.756191,6.23775
Euler,192,2.21458e-08,8.90995e-10,0.992618,0.120968,2.28033e-06,1.37719e-07,-0.760111,6.23728
Euler,193,2.2375e-08,9.0491e-10,0.992542,0.121592,2.29209e-06,1.39152e-07,-0.76403,6.2368
Euler,194,2.26054e-08,9.1897e-10,0.992465,0.122216,2.30385e-06,1.40592e-07,-0.767949,6.23632
Euler,195,2.2837e-08,9.33173e-10,0.992388,0.122839,2.3156e-06,1.42039e-07,-0.771867,6.23584
Euler,196,2.30697e-08,9.47523e-10,0.99231,0.123463,2.32736e-06,1.43494e-07,-0.775785,6.23535
Euler,197,2.33036e-08,9.62019e-10,0.992232,0.124086,2.33911e-06,1.44957e-07,-0.779703,6.23487
Euler,198,2.35387e-08,9.76661e-10,0.992154,0.12471,2.35086e-06,1.46427e-07,-0.783621,6.23438
Euler,199,2.3775e-08,9.91452e-10,0.992075,0.125333,2.36261e-06,1.47904e-07,-0.787538,6.23388
Euler,200,2.40124e-08,1.00639e-09,0.991996,0.125957,2.37437e-06,1.49388e-07,-0.791455,6.23339
Euler,201,2.4251e-08,1.02148e-09,0.991916,0.12658,2.38612e-06,1.5088e-07,-0.795372,6.23289
Euler,202,2.44908e-08,1.03672e-09,0.991836,0.127203,2.39787e-06,1.5238e-07,-0.799288,6.23239
Euler,203,2.47317e-08,1.05211e-09,0.991756,0.127826,2.40961e-06,1.53886e-07,-0.803204,6.23189
Euler,204,2.49739e-08,1.06765e-09,0.991675,0.128449,2.42136e-06,1.554e-07,-0.80712,6.23139
Euler,205,2.52172e-08,1.08334e-09,0.991594,0.129073,2.43311e-06,1.56922e-07,-0.811036,6.23088
Euler,206,2.54617e-08,1.09918e-09,0.991513,0.129696,2.44485e-06,1.58451e-07,-0.814951,6.23037
Euler,207,2.57073e-08,1.11518e-09,0.991431,0.130319,2.4566e-06,1.59987e-07,-0.818866,6.22986
Euler,208,2.59542e-08,1.13133e-09,0.991349,0.130941,2.46834e-06,1.61531e-07,-0.82278,6.22934
Euler,209,2.62022e-08,1.14764e-09,0.991266,0.131564,2.48008e-06,1.63082e-07,-0.826694,6.22882
Euler,210,2.64514e-08,1.16411e-09,0.991183,0.132187,2.49182e-06,1.6464e-07,-0.830608,6.22831
Euler,211,2.67017e-08,1.18073e-09,0.991099,0.13281,2.50356e-06,1.66206e-07,-0.834522,6.22778
Euler,212,2.69533e-08,1.1975e-09,0.991016,0.133433,2.5153e-06,1.67779e-07,-0.838435,6.22726
Euler,213,2.7206e-08,1.21444e-09,0.990931,0.134055,2.52704e-06,1.69359e-07,-0.842348,6.22673
Euler,214,2.74598e-08,1.23154e-09,0.990847,0.134678,2.53878e-06,1.70947e-07,-0.84626,6.2262
Euler,215,2.77149e-08,1.24879e-09,0.990762,0.135301,2.55052e-06,1.72543e-07,-0.850172,6.22567
Euler,216,2.79711e-08,1.2662e-09,0.990676,0.135923,2.56225e-06,1.74145e-07,-0.854084,6.22514
Euler,217,2.82285e-08,1.28378e-09,0.99059,0.136546,2.57399e-06,1.75755e-07,-0.857996,6.2246
Euler,218,2.84871e-08,1.30152e-09,0.990504,0.137168,2.58572e-06,1.77373e-07,-0.861907,6.22406
Euler,219,2.87468e-08,1.31942e-09,0.990418,0.13779,2.59745e-06,1.78997e-07,-0.865818,6.22352
Euler,220,2.90077e-08,1.33748e-09,0.990331,0.138413,2.60919e-06,1.8063e-07,-0.869728,6.22298
Euler,221,2.92698e-08,1.35571e-09,0.990243,0.139035,2.62092e-06,1.82269e-07,-0.873639,6.22243
Euler,222,2.95331e-08,1.3741e-09,0.990156,0.139657,2.63265e-06,1.83916e-07,-0.877548,6.22188
Euler,223,2.97975e-08,1.39266e-09,0.990067,0.140279,2.64437e-06,1.8557e-07,-0.881458,6.22133
Euler,224,3.00631e-08,1.41138e-09,0.989979,0.140901,2.6561e-06,1.87232e-07,-0.885367,6.22077
Euler,225,3.03299e-08,1.43027e-09,0.98989,0.141523,2.66783e-06,1.88901e-07,-0.889276,6.22022
Euler,226,3.05979e-08,1.44933e-09,0.989801,0.142145,2.67955e-06,1.90577e-07,-0.893184,6.21966
Euler,227,3.0867e-08,1.46855e-09,0.989711,0.142767,2.69128e-06,1.92261e-07,-0.897092,6.2191
Euler,228,3.11373e-08,1.48795e-09,0.989621,0.143389,2.703e-06,1.93952e-07,-0.901,6.21853
Euler,229,3.14088e-08,1.50751e-09,0.98953,0.144011,2.71472e-06,1.9565e-07,-0.904908,6.21797
Euler,230,3.16814e-08,1.52725e-09,0.98944,0.144632,2.72644e-06,1.97356e-07,-0.908815,6.2174
Euler,231,3.19552e-08,1.54716e-09,0.989348,0.145254,2.73816e-06,1.99069e-07,-0.912721,6.21683
Euler,232,3.22302e-08,1.56723e-09,0.989257,0.145876,2.74988e-06,2.0079e-07,-0.916628,6.21626
Euler,233,3.25064e-08,1.58749e-09,0.989165,0.146497,2.7616e-06,2.02518e-07,-0.920534,6.21568
Euler,234,3.27837e-08,1.60791e-09,0.989072,0.147119,2.77332e-06,2.04253e-07,-0.924439,6.2151
Euler,235,3.30622e-08,1.62851e-09,0.988979,0.14774,2.78503e-06,2.05996e-07,-0.928344,6.21452
Euler,236,3.33419e-08,1.64929e-09,0.988886,0.148362,2.79675e-06,2.07746e-07,-0.932249,6.21394
Euler,237,3.36228e-08,1.67024e-09,0.988792,0.148983,2.80846e-06,2.09503e-07,-0.936154,6.21335
Euler,238,3.39048e-08,1.69136e-09,0.988698,0.149604,2.82017e-06,2.11268e-07,-0.940058,6.21276
Euler,239,3.4188e-08,1.71267e-09,0.988604,0.150226,2.83189e-06,2.1304e-07,-0.943962,6.21217
Euler,240,3.44723e-08,1.73415e-09,0.988509,0.150847,2.8436e-06,2.1482e-07,-0.947865,6.21158
Euler,241,3.47578e-08,1.75581e-09,0.988414,0.151468,2.8553e-06,2.16606e-07,-0.951768,6.21098
Euler,242,3.50445e-08,1.77765e-09,0.988318,0.152089,2.86701e-06,2.184e-07,-0.955671,6.21039
Euler,243,3.53324e-08,1.79967e-09,0.988223,0.15271,2.87872e-06,2.20202e-07,-0.959573,6.20978
Euler,244,3.56215e-08,1.82187e-09,0.988126,0.153331,2.89043e-06,2.22011e-07,-0.963475,6.20918
Euler,245,3.59117e-08,1.84425e-09,0.988029,0.153952,2.90213e-06,2.23827e-07,-0.967377,6.20858
Euler,246,3.62031e-08,1.86682e-09,0.987932,0.154572,2.91383e-06,2.25651e-07,-0.971278,6.20797
Euler,247,3.64956e-08,1.88957e-09,0.987835,0.155193,2.92554e-06,2.27482e-07,-0.975178,6.20736
Euler,248,3.67893e-08,1.9125e-09,0.987737,0.155814,2.93724e-06,2.2932e-07,-0.979079,6.20675
Euler,249,3.70842e-08,1.93562e-09,0.987639,0.156434,2.94894e-06,2.31166e-07,-0.982979,6.20613
Euler,250,3.73803e-08,1.95892e-09,0.98754,0.157055,2.96064e-06,2.33019e-07,-0.986878,6.20551
Euler,251,3.76775e-08,1.9824e-09,0.987441,0.157675,2.97233e-06,2.34879e-07,-0.990778,6.20489
Euler,252,3.79759e-08,2.00608e-09,0.987341,0.158296,2.98403e-06,2.36747e-07,-0.994677,6.20427
Euler,253,3.82755e-08,2.02994e-09,0.987241,0.158916,2.99572e-06,2.38622e-07,-0.998575,6.20364
Euler,254,3.85762e-08,2.05399e-09,0.987141,0.159537,3.00742e-06,2.40504e-07,-1.00247,6.20302
Euler,255,3.88782e-08,2.07823e-09,0.987041,0.160157,3.01911e-06,2.42394e-07,-1.00637,6.20239
Euler,256,3.91812e-08,2.10266e-09,0.98694,0.160777,3.0308e-06,2.44291e-07,-1.01027,6.20175
Euler,257,3.94855e-08,2.12728e-09,0.986838,0.161397,3.04249e-06,2.46196e-07,-1.01416,6.20112
Euler,258,3.97909e-08,2.15209e-09,0.986736,0.162017,3.05418e-06,2.48107e-07,-1.01806,6.20048
Euler,259,4.00975e-08,2.17709e-09,0.986634,0.162637,3.06587e-06,2.50026e-07,-1.02196,6.19984
Euler,260,4.04052e-08,2.20229e-09,0.986532,0.163257,3.07756e-06,2.51953e-07,-1.02585,6.1992
Euler,261,4.07142e-08,2.22768e-09,0.986429,0.163877,3.08924e-06,2.53887e-07,-1.02975,6.19856
Euler,262,4.10243e-08,2.25326e-09,0.986325,0.164497,3.10093e-06,2.55828e-07,-1.03364,6.19791
Euler,263,4.13355e-08,2.27904e-09,0.986221,0.165116,3.11261e-06,2.57776e-07,-1.03754,6.19726
Euler,264,4.1648e-08,2.30501e-09,0.986117,0.165736,3.1243e-06,2.59732e-07,-1.04143,6.19661
Euler,265,4.19616e-08,2.33118e-09,0.986013,0.166356,3.13598e-06,2.61696e-07,-1.04533,6.19595
Euler,266,4.22763e-08,2.35755e-09,0.985908,0.166975,3.14766e-06,2.63666e-07,-1.04922,6.1953
Euler,267,4.25923e-08,2.38411e-09,0.985803,0.167595,3.15933e-06,2.65644e-07,-1.05311,6.19464
Euler,268,4.29094e-08,2.41087e-09,0.985697,0.168214,3.17101e-06,2.67629e-07,-1.057,6.19398
Euler,269,4.32276e-08,2.43784e-09,0.985591,0.168833,3.18269e-06,2.69622e-07,-1.0609,6.19331
Euler,270,4.35471e-08,2.465e-09,0.985484,0.169453,3.19436e-06,2.71622e-07,-1.06479,6.19264
Euler,271,4.38677e-08,2.49236e-09,0.985377,0.170072,3.20604e-06,2.73629e-07,-1.06868,6.19198
Euler,272,4.41894e-08,2.51993e-09,0.98527,0.170691,3.21771e-06,2.75643e-07,-1.07257,6.1913
Euler,273,4.45124e-08,2.54769e-09,0.985163,0.17131,3.22938e-06,2.77665e-07,-1.07646,6.19063
Euler,274,4.48365e-08,2.57566e-09,0.985055,0.171929,3.24105e-06,2.79695e-07,-1.08035,6.18995
Euler,275,4.51617e-08,2.60384e-09,0.984946,0.172548,3.25272e-06,2.81731e-07,-1.08424,6.18927
Euler,276,4.54882e-08,2.63221e-09,0.984837,0.173167,3.26438e-06,2.83775e-07,-1.08813,6.18859
Euler,277,4.58158e-08,2.6608e-09,0.984728,0.173786,3.27605e-06,2.85826e-07,-1.09202,6.18791
Euler,278,4.61446e-08,2.68958e-09,0.984618,0.174404,3.28771e-06,2.87885e-07,-1.0959,6.18722
Euler,279,4.64745e-08,2.71858e-09,0.984508,0.175023,3.29938e-06,2.89951e-07,-1.09979,6.18654
Euler,280,4.68056e-08,2.74778e-09,0.984398,0.175642,3.31104e-06,2.92024e-07,-1.10368,6.18584
Euler,281,4.71379e-08,2.77719e-09,0.984287,0.17626,3.3227e-06,2.94105e-07,-1.10757,6.18515
Euler,282,4.74713e-08,2.80681e-09,0.984176,0.176879,3.33436e-06,2.96193e-07,-1.11145,6.18445
Euler,283,4.78059e-08,2.83664e-09,0.984065,0.177497,3.34602e-06,2.98288e-07,-1.11534,6.18376
Euler,284,4.81417e-08,2.86668e-09,0.983953,0.178115,3.35767e-06,3.0039e-07,-1.11922,6.18306
Euler,285,4.84786e-08,2.89693e-09,0.98384,0.178733,3.36933e-06,3.025e-07,-1.12311,6.18235
Euler,286,4.88167e-08,2.92739e-09,0.983728,0.179352,3.38098e-06,3.04617e-07,-1.12699,6.18165
Euler,287,4.9156e-08,2.95806e-09,0.983615,0.17997,3.39264e-06,3.06742e-07,-1.13088,6.18094
Euler,288,4.94964e-08,2.98895e-09,0.983501,0.180588,3.40429e-06,3.08874e-07,-1.13476,6.18023
Euler,289,4.9838e-08,3.02005e-09,0.983387,0.181206,3.41594e-06,3.11013e-07,-1.13865,6.17951
Euler,290,5.01808e-08,3.05137e-09,0.983273,0.181824,3.42759e-06,3.13159e-07,-1.14253,6.1788
Euler,291,5.05247e-08,3.0829e-09,0.983158,0.182441,3.43923e-06,3.15313e-07,-1.14641,6.17808
Euler,292,5.08698e-08,3.11465e-09,0.983043,0.183059,3.45088e-06,3.17474e-07,-1.15029,6.17736
Euler,293,5.1216e-08,3.14661e-09,0.982928,0.183677,3.46253e-06,3.19643e-07,-1.15418,6.17664
Euler,294,5.15634e-08,3.17879e-09,0.982812,0.184294,3.47417e-06,3.21818e-07,-1.15806,6.17591
Euler,295,5.1912e-08,3.21119e-09,0.982696,0.184912,3.48581e-06,3.24002e-07,-1.16194,6.17518
Euler,296,5.22618e-08,3.24381e-09,0.982579,0.185529,3.49745e-06,3.26192e-07,-1.16582,6.17445
Euler,297,5.26127e-08,3.27665e-09,0.982462,0.186147,3.50909e-06,3.2839e-07,-1.1697,6.17372
Euler,298,5.29647e-08,3.30971e-09,0.982345,0.186764,3.52073e-06,3.30595e-07,-1.17358,6.17299
Euler,299,5.3318e-08,3.34299e-09,0.982227,0.187381,3.53236e-06,3.32807e-07,-1.17745,6.17225
Euler,300,5.36724e-08,3.3765e-09,0.982109,0.187998,3.544e-06,3.35027e-07,-1.18133,6.17151
Euler,301,5.40279e-08,3.41022e-09,0.981991,0.188615,3.55563e-06,3.37254e-07,-1.18521,6.17077
Euler,302,5.43847e-08,3.44417e-09,0.981872,0.189232,3.56727e-06,3.39488e-07,-1.18909,6.17002
Euler,303,5.47426e-08,3.47834e-09,0.981752,0.189849,3.5789e-06,3.41729e-07,-1.19297,6.16928
Euler,304,5.51016e-08,3.51274e-09,0.981633,0.190466,3.59053e-06,3.43978e-07,-1.19684,6.16853
Euler,305,5.54618e-08,3.54736e-09,0.981513,0.191083,3.60215e-06,3.46235e-07,-1.20072,6.16777
Euler,306,5.58232e-08,3.58221e-09,0.981392,0.1917,3.61378e-06,3.48498e-07,-1.20459,6.16702
Euler,307,5.61857e-08,3.61729e-09,0.981271,0.192316,3.62541e-06,3.50769e-07,-1.20847,6.16626
Euler,308,5.65495e-08,3.6526e-09,0.98115,0.192933,3.63703e-06,3.53047e-07,-1.21234,6.1655
Euler,309,5.69143e-08,3.68813e-09,0.981029,0.193549,3.64865e-06,3.55332e-07,-1.21622,6.16474
Euler,310,5.72803e-08,3.72389e-09,0.980907,0.194166,3.66027e-06,3.57625e-07,-1.22009,6.16398
Euler,311,5.76475e-08,3.75988e-09,0.980784,0.194782,3.67189e-06,3.59925e-07,-1.22396,6.16321
Euler,312,5.80159e-08,3.79611e-09,0.980661,0.195398,3.68351e-06,3.62232e-07,-1.22784,6.16244
Euler,313,5.83854e-08,3.83256e-09,0.980538,0.196014,3.69513e-06,3.64547e-07,-1.23171,6.16167
Euler,314,5.87561e-08,3.86925e-09,0.980415,0.196631,3.70674e-06,3.66869e-07,-1.23558,6.1609
Euler,315,5.91279e-08,3.90617e-09,0.980291,0.197247,3.71836e-06,3.69198e-07,-1.23945,6.16012
Euler,316,5.95009e-08,3.94332e-09,0.980166,0.197863,3.72997e-06,3.71535e-07,-1.24332,6.15934
Euler,317,5.98751e-08,3.98071e-09,0.980042,0.198478,3.74158e-06,3.73879e-07,-1.24719,6.15856
Euler,318,6.02504e-08,4.01833e-09,0.979917,0.199094,3.75319e-06,3.7623e-07,-1.25106,6.15778
Euler,319,6.06269e-08,4.05619e-09,0.979791,0.19971,3.7648e-06,3.78588e-07,-1.25493,6.15699
Euler,320,6.10045e-08,4.09429e-09,0.979665,0.200325,3.7764e-06,3.80954e-07,-1.2588,6.1562
Euler,321,6.13833e-08,4.13262e-09,0.979539,0.200941,3.78801e-06,3.83327e-07,-1.26267,6.15541
Euler,322,6.17633e-08,4.17119e-09,0.979412,0.201556,3.79961e-06,3.85707e-07,-1.26654,6.15462
Euler,323,6.21444e-08,4.21e-09,0.979285,0.202172,3.81121e-06,3.88095e-07,-1.2704,6.15382
Euler,324,6.25267e-08,4.24905e-09,0.979158,0.202787,3.82281e-06,3.9049e-07,-1.27427,6.15302
Euler,325,6.29101e-08,4.28834e-09,0.97903,0.203402,3.83441e-06,3.92892e-07,-1.27814,6.15222
Euler,326,6.32947e-08,4.32787e-09,0.978902,0.204018,3.84601e-06,3.95301e-07,-1.282,6.15142
Euler,327,6.36805e-08,4.36764e-09,0.978773,0.204633,3.85761e-06,3.97718e-07,-1.28587,6.15061
Euler,328,6.40674e-08,4.40765e-09,0.978644,0.205248,3.8692e-06,4.00142e-07,-1.28973,6.1498
Euler,329,6.44555e-08,4.44791e-09,0.978515,0.205862,3.88079e-06,4.02573e-07,-1.2936,6.14899
Euler,330,6.48447e-08,4.48841e-09,0.978385,0.206477,3.89238e-06,4.05012e-07,-1.29746,6.14818
Euler,331,6.52351e-08,4.52916e-09,0.978255,0.207092,3.90397e-06,4.07458e-07,-1.30132,6.14737
Euler,332,6.56267e-08,4.57015e-09,0.978124,0.207707,3.91556e-06,4.09911e-07,-1.30519,6.14655
Euler,333,6.60194e-08,4.61139e-09,0.977994,0.208321,3.92715e-06,4.12372e-07,-1.30905,6.14573
Euler,334,6.64132e-08,4.65287e-09,0.977862,0.208936,3.93873e-06,4.14839e-07,-1.31291,6.14491
Euler,335,6.68083e-08,4.6946e-09,0.977731,0.20955,3.95032e-06,4.17314e-07,-1.31677,6.14408
Euler,336,6.72045e-08,4.73658e-09,0.977599,0.210164,3.9619e-06,4.19797e-07,-1.32063,6.14325
Euler,337,6.76018e-08,4.77881e-09,0.977466,0.210779,3.97348e-06,4.22286e-07,-1.32449,6.14242
Euler,338,6.80003e-08,4.82129e-09,0.977333,0.211393,3.98506e-06,4.24783e-07,-1.32835,6.14159
Euler,339,6.84e-08,4.86402e-09,0.9772,0.212007,3.99664e-06,4.27287e-07,-1.33221,6.14076
Euler,340,6.88008e-08,4.907e-09,0.977066,0.212621,4.00821e-06,4.29799e-07,-1.33607,6.13992
Euler,341,6.92028e-08,4.95023e-09,0.976932,0.213235,4.01979e-06,4.32317e-07,-1.33993,6.13908
Euler,342,6.96059e-08,4.99371e-09,0.976798,0.213849,4.03136e-06,4.34843e-07,-1.34379,6.13824
Euler,343,7.00102e-08,5.03745e-09,0.976663,0.214462,4.04293e-06,4.37376e-07,-1.34764,6.13739
Euler,344,7.04157e-08,5.08144e-09,0.976528,0.215076,4.0545e-06,4.39917e-07,-1.3515,6.13655
Euler,345,7.08223e-08,5.12569e-09,0.976393,0.21569,4.06607e-06,4.42465e-07,-1.35536,6.1357
Euler,346,7.123e-08,5.17019e-09,0.976257,0.216303,4.07763e-06,4.4502e-07,-1.35921,6.13485
Euler,347,7.1639e-08,5.21495e-09,0.97612,0.216917,4.0892e-06,4.47582e-07,-1.36307,6.13399
Euler,348,7.2049e-08,5.25996e-09,0.975984,0.21753,4.10076e-06,4.50152e-07,-1.36692,6.13313
Euler,349,7.24603e-08,5.30524e-09,0.975847,0.218143,4.11232e-06,4.52729e-07,-1.37077,6.13228
Euler,350,7.28727e-08,5.35077e-09,0.975709,0.218756,4.12388e-06,4.55313e-07,-1.37463,6.13141
Euler,351,7.32862e-08,5.39656e-09,0.975571,0.219369,4.13544e-06,4.57904e-07,-1.37848,6.13055
Euler,352,7.37009e-08,5.44261e-09,0.975433,0.219982,4.147e-06,4.60503e-07,-1.38233,6.12968
Euler,353,7.41168e-08,5.48892e-09,0.975294,0.220595,4.15855e-06,4.63109e-07,-1.38618,6.12882
Euler,354,7.45338e-08,5.53549e-09,0.975155,0.221208,4.17011e-06,4.65722e-07,-1.39004,6.12794
Euler,355,7.49519e-08,5.58233e-09,0.975016,0.221821,4.18166e-06,4.68342e-07,-1.39389,6.12707
Euler,356,7.53712e-08,5.62942e-09,0.974876,0.222433,4.19321e-06,4.7097e-07,-1.39774,6.1262
Euler,357,7.57917e-08,5.67678e-09,0.974736,0.223046,4.20476e-06,4.73605e-07,-1.40159,6.12532
Euler,358,7.62134e-08,5.72441e-09,0.974596,0.223658,4.2163e-06,4.76247e-07,-1.40543,6.12444
Euler,359,7.66361e-08,5.7723e-09,0.974455,0.224271,4.22785e-06,4.78897e-07,-1.40928,6.12355
Euler,360,7.70601e-08,5.82045e-09,0.974313,0.224883,4.23939e-06,4.81553e-07,-1.41313,6.12267
Euler,361,7.74852e-08,5.86888e-09,0.974172,0.225495,4.25093e-06,4.84217e-07,-1.41698,6.12178
Euler,362,7.79114e-08,5.91756e-09,0.97403,0.226107,4.26247e-06,4.86888e-07,-1.42082,6.12089
Euler,363,7.83388e-08,5.96652e-09,0.973887,0.226719,4.27401e-06,4.89567e-07,-1.42467,6.12
Euler,364,7.87674e-08,6.01575e-09,0.973744,0.227331,4.28555e-06,4.92253e-07,-1.42852,6.1191
Euler,365,7.91971e-08,6.06524e-09,0.973601,0.227943,4.29708e-06,4.94946e-07,-1.43236,6.1182
Euler,366,7.96279e-08,6.11501e-09,0.973457,0.228555,4.30862e-06,4.97646e-07,-1.43621,6.1173
Euler,367,8.006e-08,6.16504e-09,0.973313,0.229166,4.32015e-06,5.00353e-07,-1.44005,6.1164
Euler,368,8.04931e-08,6.21535e-09,0.973169,0.229778,4.33168e-06,5.03068e-07,-1.44389,6.1155
Euler,369,8.09275e-08,6.26593e-09,0.973024,0.230389,4.34321e-06,5.0579e-07,-1.44774,6.11459
Euler,370,8.13629e-08,6.31678e-09,0.972879,0.231001,4.35473e-06,5.08519e-07,-1.45158,6.11368
Euler,371,8.17995e-08,6.3679e-09,0.972733,0.231612,4.36626e-06,5.11256e-07,-1.45542,6.11277
Euler,372,8.22373e-08,6.4193e-09,0.972588,0.232223,4.37778e-06,5.13999e-07,-1.45926,6.11185
Euler,373,8.26763e-08,6.47098e-09,0.972441,0.232834,4.3893e-06,5.1675e-07,-1.4631,6.11094
Euler,374,8.31163e-08,6.52293e-09,0.972295,0.233445,4.40082e-06,5.19508e-07,-1.46694,6.11002
Euler,375,8.35576e-08,6.57516e-09,0.972147,0.234056,4.41234e-06,5.22274e-07,-1.47078,6.10909
Euler,376,8.4e-08,6.62766e-09,0.972,0.234667,4.42386e-06,5.25047e-07,-1.47462,6.10817
Euler,377,8.44435e-08,6.68044e-09,0.971852,0.235278,4.43537e-06,5.27826e-07,-1.47846,6.10724
Euler,378,8.48882e-08,6.73351e-09,0.971704,0.235888,4.44688e-06,5.30614e-07,-1.48229,6.10631
Euler,379,8.5334e-08,6.78685e-09,0.971555,0.236499,4.45839e-06,5.33408e-07,-1.48613,6.10538
Euler,380,8.5781e-08,6.84047e-09,0.971406,0.237109,4.4699e-06,5.3621e-07,-1.48997,6.10445
Euler,381,8.62292e-08,6.89437e-09,0.971257,0.23772,4.48141e-06,5.39018e-07,-1.4938,6.10351
Euler,382,8.66784e-08,6.94855e-09,0.971107,0.23833,4.49292e-06,5.41834e-07,-1.49764,6.10257
Euler,383,8.71289e-08,7.00302e-09,0.970957,0.23894,4.50442e-06,5.44658e-07,-1.50147,6.10163
Euler,384,8.75805e-08,7.05777e-09,0.970807,0.23955,4.51592e-06,5.47488e-07,-1.50531,6.10069
Euler,385,8.80332e-08,7.1128e-09,0.970656,0.24016,4.52742e-06,5.50326e-07,-1.50914,6.09974
Euler,386,8.84871e-08,7.16812e-09,0.970504,0.24077,4.53892e-06,5.53171e-07,-1.51297,6.09879
Euler,387,8.89422e-08,7.22372e-09,0.970353,0.24138,4.55042e-06,5.56023e-07,-1.51681,6.09784
Euler,388,8.93984e-08,7.27961e-09,0.970201,0.241989,4.56191e-06,5.58883e-07,-1.52064,6.09689
Euler,389,8.98557e-08,7.33578e-09,0.970048,0.242599,4.57341e-06,5.61749e-07,-1.52447,6.09594
Euler,390,9.03142e-08,7.39224e-09,0.969895,0.243208,4.5849e-06,5.64623e-07,-1.5283,6.09498
Euler,391,9.07738e-08,7.449e-09,0.969742,0.243818,4.59639e-06,5.67504e-07,-1.53213,6.09402
Euler,392,9.12346e-08,7.50603e-09,0.969588,0.244427,4.60788e-06,5.70393e-07,-1.53596,6.09305
Euler,393,9.16965e-08,7.56336e-09,0.969434,0.245036,4.61936e-06,5.73288e-07,-1.53979,6.09209
Euler,394,9.21596e-08,7.62098e-09,0.96928,0.245645,4.63085e-06,5.76191e-07,-1.54362,6.09112
Euler,395,9.26239e-08,7.67889e-09,0.969125,0.246255,4.64233e-06,5.79101e-07,-1.54744,6.09015
Euler,396,9.30892e-08,7.73709e-09,0.96897,0.246863,4.65381e-06,5.82018e-07,-1.55127,6.08918
Euler,397,9.35558e-08,7.79559e-09,0.968815,0.247472,4.66529e-06,5.84943e-07,-1.5551,6.0882
Euler,398,9.40234e-08,7.85438e-09,0.968659,0.248081,4.67676e-06,5.87874e-07,-1.55892,6.08723
Euler,399,9.44923e-08,7.91346e-09,0.968503,0.24869,4.68824e-06,5.90813e-07,-1.56275,6.08625
Euler,400,9.49622e-08,7.97283e-09,0.968346,0.249298,4.69971e-06,5.93759e-07,-1.56657,6.08527
Euler,401,9.54334e-08,8.0325e-09,0.968189,0.249907,4.71118e-06,5.96712e-07,-1.57039,6.08428
Euler,402,9.59056e-08,8.09247e-09,0.968031,0.250515,4.72265e-06,5.99673e-07,-1.57422,6.08329
Euler,403,9.6379e-08,8.15274e-09,0.967874,0.251123,4.73412e-06,6.02641e-07,-1.57804,6.08231
Euler,404,9.68536e-08,8.2133e-09,0.967715,0.251731,4.74559e-06,6.05615e-07,-1.58186,6.08131
Euler,405,9.73293e-08,8.27416e-09,0.967557,0.252339,4.75705e-06,6.08598e-07,-1.58568,6.08032
Euler,406,9.78062e-08,8.33532e-09,0.967398,0.252947,4.76851e-06,6.11587e-07,-1.5895,6.07932
Euler,407,9.82842e-08,8.39677e-09,0.967239,0.253555,4.77997e-06,6.14583e-07,-1.59332,6.07832
Euler,408,9.87633e-08,8.45853e-09,0.967079,0.254163,4.79143e-06,6.17587e-07,-1.59714,6.07732
Euler,409,9.92436e-08,8.52059e-09,0.966919,0.25477,4.80289e-06,6.20598e-07,-1.60096,6.07632
Euler,410,9.9725e-08,8.58295e-09,0.966758,0.255378,4.81434e-06,6.23616e-07,-1.60478,6.07531
Euler,411,1.00208e-07,8.64562e-09,0.966597,0.255985,4.82579e-06,6.26641e-07,-1.6086,6.0743
Euler,412,1.00691e-07,8.70859e-09,0.966436,0.256593,4.83725e-06,6.29674e-07,-1.61242,6.07329
Euler,413,1.01176e-07,8.77186e-09,0.966275,0.2572,4.84869e-06,6.32714e-07,-1.61623,6.07228
Euler,414,1.01662e-07,8.83543e-09,0.966113,0.257807,4.86014e-06,6.3576e-07,-1.62005,6.07127
Euler,415,1.02149e-07,8.89931e-09,0.96595,0.258414,4.87159e-06,6.38815e-07,-1.62386,6.07025
Euler,416,1.02638e-07,8.9635e-09,0.965787,0.259021,4.88303e-06,6.41876e-07,-1.62768,6.06923
Euler,417,1.03127e-07,9.028e-09,0.965624,0.259628,4.89447e-06,6.44944e-07,-1.63149,6.0682
Euler,418,1.03618e-07,9.0928e-09,0.965461,0.260235,4.90591e-06,6.4802e-07,-1.6353,6.06718
Euler,419,1.04109e-07,9.15791e-09,0.965297,0.260841,4.91735e-06,6.51103e-07,-1.63912,6.06615
Euler,420,1.04602e-07,9.22333e-09,0.965133,0.261448,4.92878e-06,6.54193e-07,-1.64293,6.06512
Euler,421,1.05096e-07,9.28906e-09,0.964968,0.262054,4.94022e-06,6.5729e-07,-1.64674,6.06409
Euler,422,1.05592e-07,9.3551e-09,0.964803,0.26266,4.95165e-06,6.60394e-07,-1.65055,6.06305
Euler,423,1.06088e-07,9.42145e-09,0.964637,0.263267,4.96308e-06,6.63506e-07,-1.65436,6.06202
Euler,424,1.06585e-07,9.48811e-09,0.964472,0.263873,4.9745e-06,6.66625e-07,-1.65817,6.06098
Euler,425,1.07084e-07,9.55508e-09,0.964305,0.264479,4.98593e-06,6.69751e-07,-1.66198,6.05994
Euler,426,1.07584e-07,9.62237e-09,0.964139,0.265085,4.99735e-06,6.72884e-07,-1.66578,6.05889
Euler,427,1.08084e-07,9.68998e-09,0.963972,0.26569,5.00877e-06,6.76024e-07,-1.66959,6.05784
Euler,428,1.08586e-07,9.75789e-09,0.963805,0.266296,5.02019e-06,6.79172e-07,-1.6734,6.05679
Euler,429,1.0909e-07,9.82613e-09,0.963637,0.266902,5.03161e-06,6.82326e-07,-1.6772,6.05574
Euler,430,1.09594e-07,9.89467e-09,0.963469,0.267507,5.04303e-06,6.85488e-07,-1.68101,6.05469
Euler,431,1.10099e-07,9.96354e-09,0.9633,0.268112,5.05444e-06,6.88657e-07,-1.68481,6.05363
Euler,432,1.10606e-07,1.00327e-08,0.963131,0.268718,5.06585e-06,6.91834e-07,-1.68862,6.05257
Euler,433,1.11114e-07,1.01022e-08,0.962962,0.269323,5.07726e-06,6.95017e-07,-1.69242,6.05151
Euler,434,1.11623e-07,1.0172e-08,0.962792,0.269928,5.08867e-06,6.98207e-07,-1.69622,6.05045
Euler,435,1.12133e-07,1.02422e-08,0.962622,0.270533,5.10008e-06,7.01405e-07,-1.70003,6.04938
Euler,436,1.12644e-07,1.03126e-08,0.962452,0.271138,5.11148e-06,7.0461e-07,-1.70383,6.04832
Euler,437,1.13156e-07,1.03834e-08,0.962281,0.271742,5.12288e-06,7.07822e-07,-1.70763,6.04724
Euler,438,1.13669e-07,1.04545e-08,0.96211,0.272347,5.13428e-06,7.11041e-07,-1.71143,6.04617
Euler,439,1.14184e-07,1.0526e-08,0.961939,0.272952,5.14568e-06,7.14268e-07,-1.71523,6.0451
Euler,440,1.147e-07,1.05977e-08,0.961767,0.273556,5.15708e-06,7.17501e-07,-1.71903,6.04402
Euler,441,1.15217e-07,1.06698e-08,0.961594,0.27416,5.16847e-06,7.20742e-07,-1.72282,6.04294
Euler,442,1.15735e-07,1.07422e-08,0.961422,0.274764,5.17986e-06,7.2399e-07,-1.72662,6.04186
Euler,443,1.16254e-07,1.08149e-08,0.961249,0.275368,5.19125e-06,7.27245e-07,-1.73042,6.04077
Euler,444,1.16774e-07,1.0888e-08,0.961075,0.275972,5.20264e-06,7.30507e-07,-1.73421,6.03968
Euler,445,1.17295e-07,1.09613e-08,0.960902,0.276576,5.21402e-06,7.33776e-07,-1.73801,6.03859
Euler,446,1.17818e-07,1.1035e-08,0.960727,0.27718,5.22541e-06,7.37053e-07,-1.7418,6.0375
Euler,447,1.18342e-07,1.11091e-08,0.960553,0.277784,5.23679e-06,7.40336e-07,-1.7456,6.03641
Euler,448,1.18866e-07,1.11834e-08,0.960378,0.278387,5.24817e-06,7.43627e-07,-1.74939,6.03531
Euler,449,1.19392e-07,1.12581e-08,0.960203,0.278991,5.25954e-06,7.46925e-07,-1.75318,6.03421
Euler,450,1.19919e-07,1.13332e-08,0.960027,0.279594,5.27092e-06,7.5023e-07,-1.75697,6.03311
Euler,451,1.20448e-07,1.14085e-08,0.959851,0.280197,5.28229e-06,7.53543e-07,-1.76076,6.032
Euler,452,1.20977e-07,1.14842e-08,0.959674,0.2808,5.29366e-06,7.56862e-07,-1.76455,6.0309
Euler,453,1.21508e-07,1.15602e-08,0.959497,0.281403,5.30503e-06,7.60188e-07,-1.76834,6.02979
Euler,454,1.22039e-07,1.16366e-08,0.95932,0.282006,5.3164e-06,7.63522e-07,-1.77213,6.02868
Euler,455,1.22572e-07,1.17133e-08,0.959143,0.282609,5.32776e-06,7.66863e-07,-1.77592,6.02756
Euler,456,1.23106e-07,1.17903e-08,0.958965,0.283211,5.33913e-06,7.70211e-07,-1.77971,6.02645
Euler,457,1.23641e-07,1.18676e-08,0.958786,0.283814,5.35049e-06,7.73566e-07,-1.7835,6.02533
Euler,458,1.24177e-07,1.19453e-08,0.958608,0.284416,5.36185e-06,7.76928e-07,-1.78728,6.02421
Euler,459,1.24714e-07,1.20234e-08,0.958429,0.285019,5.3732e-06,7.80298e-07,-1.79107,6.02309
Euler,460,1.25253e-07,1.21017e-08,0.958249,0.285621,5.38456e-06,7.83674e-07,-1.79485,6.02196
Euler,461,1.25792e-07,1.21804e-08,0.958069,0.286223,5.39591e-06,7.87058e-07,-1.79864,6.02083
Euler,462,1.26333e-07,1.22595e-08,0.957889,0.286825,5.40726e-06,7.90449e-07,-1.80242,6.0197
Euler,463,1.26875e-07,1.23389e-08,0.957708,0.287427,5.41861e-06,7.93847e-07,-1.8062,6.01857
Euler,464,1.27418e-07,1.24186e-08,0.957527,0.288029,5.42995e-06,7.97252e-07,-1.80998,6.01743
Euler,465,1.27962e-07,1.24986e-08,0.957346,0.28863,5.4413e-06,8.00664e-07,-1.81377,6.0163
Euler,466,1.28507e-07,1.25791e-08,0.957164,0.289232,5.45264e-06,8.04083e-07,-1.81755,6.01516
Euler,467,1.29054e-07,1.26598e-08,0.956982,0.289833,5.46398e-06,8.0751e-07,-1.82133,6.01402
Euler,468,1.29601e-07,1.27409e-08,0.9568,0.290434,5.47531e-06,8.10943e-07,-1.8251,6.01287
Euler,469,1.3015e-07,1.28223e-08,0.956617,0.291036,5.48665e-06,8.14384e-07,-1.82888,6.01172
Euler,470,1.307e-07,1.29041e-08,0.956433,0.291637,5.49798e-06,8.17832e-07,-1.83266,6.01057
Euler,471,1.31251e-07,1.29863e-08,0.95625,0.292238,5.50931e-06,8.21287e-07,-1.83644,6.00942
Euler,472,1.31803e-07,1.30687e-08,0.956066,0.292838,5.52064e-06,8.24749e-07,-1.84021,6.00827
Euler,473,1.32356e-07,1.31515e-08,0.955881,0.293439,5.53197e-06,8.28218e-07,-1.84399,6.00711
Euler,474,1.3291e-07,1.32347e-08,0.955697,0.29404,5.54329e-06,8.31694e-07,-1.84776,6.00595
Euler,475,1.33466e-07,1.33182e-08,0.955511,0.29464,5.55461e-06,8.35178e-07,-1.85154,6.00479
Euler,476,1.34022e-07,1.34021e-08,0.955326,0.295241,5.56593e-06,8.38668e-07,-1.85531,6.00363
Euler,477,1.3458e-07,1.34863e-08,0.95514,0.295841,5.57725e-06,8.42166e-07,-1.85908,6.00246
Euler,478,1.35139e-07,1.35709e-08,0.954954,0.296441,5.58857e-06,8.45671e-07,-1.86286,6.0013
Euler,479,1.35699e-07,1.36558e-08,0.954767,0.297041,5.59988e-06,8.49183e-07,-1.86663,6.00012
Euler,480,1.3626e-07,1.37411e-08,0.95458,0.297641,5.61119e-06,8.52702e-07,-1.8704,5.99895
Euler,481,1.36822e-07,1.38267e-08,0.954393,0.298241,5.6225e-06,8.56228e-07,-1.87417,5.99778
Euler,482,1.37386e-07,1.39127e-08,0.954205,0.29884,5.63381e-06,8.59761e-07,-1.87794,5.9966
Euler,483,1.3795e-07,1.3999e-08,0.954017,0.29944,5.64511e-06,8.63301e-07,-1.8817,5.99542
Euler,484,1.38516e-07,1.40857e-08,0.953828,0.300039,5.65641e-06,8.66849e-07,-1.88547,5.99424
Euler,485,1.39083e-07,1.41727e-08,0.953639,0.300639,5.66771e-06,8.70403e-07,-1.88924,5.99305
Euler,486,1.39651e-07,1.42601e-08,0.95345,0.301238,5.67901e-06,8.73965e-07,-1.893,5.99186
Euler,487,1.4022e-07,1.43479e-08,0.95326,0.301837,5.6903e-06,8.77534e-07,-1.89677,5.99067
Euler,488,1.4079e-07,1.4436e-08,0.95307,0.302436,5.7016e-06,8.8111e-07,-1.90053,5.98948
Euler,489,1.41361e-07,1.45245e-08,0.95288,0.303035,5.71289e-06,8.84692e-07,-1.9043,5.98829
Euler,490,1.41933e-07,1.46133e-08,0.952689,0.303633,5.72418e-06,8.88283e-07,-1.90806,5.98709
Euler,491,1.42507e-07,1.47025e-08,0.952498,0.304232,5.73546e-06,8.9188e-07,-1.91182,5.98589
Euler,492,1.43082e-07,1.4792e-08,0.952306,0.30483,5.74675e-06,8.95484e-07,-1.91558,5.98469
Euler,493,1.43657e-07,1.48819e-08,0.952114,0.305429,5.75803e-06,8.99095e-07,-1.91934,5.98349
Euler,494,1.44234e-07,1.49722e-08,0.951922,0.306027,5.76931e-06,9.02714e-07,-1.9231,5.98228
Euler,495,1.44812e-07,1.50628e-08,0.951729,0.306625,5.78059e-06,9.06339e-07,-1.92686,5.98107
Euler,496,1.45392e-07,1.51538e-08,0.951536,0.307223,5.79186e-06,9.09972e-07,-1.93062,5.97986
Euler,497,1.45972e-07,1.52452e-08,0.951343,0.307821,5.80313e-06,9.13611e-07,-1.93438,5.97865
Euler,498,1.46553e-07,1.53369e-08,0.951149,0.308419,5.81441e-06,9.17258e-07,-1.93814,5.97743
Euler,499,1.47136e-07,1.5429e-08,0.950955,0.309016,5.82567e-06,9.20912e-07,-1.94189,5.97621
Verlet,0,0,0,1,0,0,0,0,6.28319
Verlet,1,0,0,1,0.000628319,1.18435e-08,0,-0.00394784,6.28319
Verlet,2,2.36871e-12,0,0.999999,0.00125664,2.3687e-08,1.4883e-11,-0.00789568,6.28318
Verlet,3,4.73741e-12,2.9766e-15,0.999998,0.00188495,3.55306e-08,2.9766e-11,-0.0118435,6.28318
Verlet,4,9.47482e-12,5.95321e-15,0.999997,0.00251327,4.7374e-08,5.9532e-11,-0.0157913,6.28317
Verlet,5,1.42122e-11,1.4883e-14,0.999995,0.00314159,5.92175e-08,8.9298e-11,-0.0197392,6.28316
Verlet,6,2.13183e-11,2.38128e-14,0.999993,0.0037699,7.1061e-08,1.33947e-10,-0.023687,6.28314
Verlet,7,2.84244e-11,4.16724e-14,0.999991,0.00439822,8.29044e-08,1.78596e-10,-0.0276348,6.28313
Verlet,8,3.78992e-11,5.9532e-14,0.999987,0.00502653,9.47478e-08,2.38128e-10,-0.0315826,6.28311
Verlet,9,4.7374e-11,8.92979e-14,0.999984,0.00565484,1.06591e-07,2.9766e-10,-0.0355304,6.28309
Verlet,10,5.92174e-11,1.19064e-13,0.99998,0.00628315,1.18434e-07,3.72074e-10,-0.0394781,6.28306
Verlet,11,7.10608e-11,1.63713e-13,0.999976,0.00691145,1.30278e-07,4.46489e-10,-0.0434259,6.28304
Verlet,12,8.5273e-11,2.08362e-13,0.999972,0.00753975,1.42121e-07,5.35786e-10,-0.0473736,6.28301
Verlet,13,9.9485e-11,2.7087e-13,0.999967,0.00816805,1.53964e-07,6.25083e-10,-0.0513214,6.28298
Verlet,14,1.16066e-10,3.33378e-13,0.999961,0.00879635,1.65807e-07,7.29263e-10,-0.0552691,6.28294
Verlet,15,1.32646e-10,4.16722e-13,0.999956,0.00942464,1.7765e-07,8.33443e-10,-0.0592168,6.28291
Verlet,16,1.51596e-10,5.00067e-13,0.999949,0.0100529,1.89493e-07,9.52504e-10,-0.0631644,6.28287
Verlet,17,1.70545e-10,6.07223e-13,0.999943,0.0106812,2.01336e-07,1.07157e-09,-0.067112,6.28283
Verlet,18,1.91863e-10,7.1438e-13,0.999936,0.0113095,2.13179e-07,1.20551e-09,-0.0710596,6.28278
Verlet,19,2.13181e-10,8.48325e-13,0.999929,0.0119378,2.25022e-07,1.33946e-09,-0.0750072,6.28274
Verlet,20,2.36867e-10,9.82271e-13,0.999921,0.012566,2.36864e-07,1.48828e-09,-0.0789547,6.28269
Verlet,21,2.60554e-10,1.14598e-12,0.999913,0.0131943,2.48707e-07,1.63711e-09,-0.0829023,6.28264
Verlet,22,2.86609e-10,1.30969e-12,0.999904,0.0138226,2.60549e-07,1.80082e-09,-0.0868497,6.28259
Verlet,23,3.12664e-10,1.50614e-12,0.999896,0.0144508,2.72392e-07,1.96452e-09,-0.0907972,6.28253
Verlet,24,3.41087e-10,1.7026e-12,0.999886,0.0150791,2.84234e-07,2.14311e-09,-0.0947446,6.28247
Verlet,25,3.6951e-10,1.93477e-12,0.999877,0.0157073,2.96076e-07,2.3217e-09,-0.098692,6.28241
Verlet,26,4.00302e-10,2.16694e-12,0.999867,0.0163356,3.07918e-07,2.51517e-09,-0.102639,6.28235
Verlet,27,4.31094e-10,2.4378e-12,0.999856,0.0169638,3.1976e-07,2.70864e-09,-0.106587,6.28228
Verlet,28,4.64254e-10,2.70867e-12,0.999845,0.017592,3.31601e-07,2.91699e-09,-0.110534,6.28221
Verlet,29,4.97414e-10,3.0212e-12,0.999834,0.0182202,3.43443e-07,3.12535e-09,-0.114481,6.28214
Verlet,30,5.32943e-10,3.33374e-12,0.999822,0.0188484,3.55285e-07,3.34858e-09,-0.118428,6.28207
Verlet,31,5.68471e-10,3.69092e-12,0.999811,0.0194766,3.67126e-07,3.57181e-09,-0.122375,6.28199
Verlet,32,6.06368e-10,4.0481e-12,0.999798,0.0201048,3.78967e-07,3.80992e-09,-0.126322,6.28192
Verlet,33,6.44265e-10,4.4529e-12,0.999785,0.020733,3.90808e-07,4.04804e-09,-0.130269,6.28184
Verlet,34,6.8453e-10,4.85771e-12,0.999772,0.0213612,4.02649e-07,4.30103e-09,-0.134216,6.28175
Verlet,35,7.24794e-10,5.3131e-12,0.999758,0.0219894,4.1449e-07,4.55402e-09,-0.138163,6.28167
Verlet,36,7.67428e-10,5.76851e-12,0.999744,0.0226175,4.2633e-07,4.82189e-09,-0.14211,6.28158
Verlet,37,8.1006e-10,6.27748e-12,0.99973,0.0232457,4.38171e-07,5.08976e-09,-0.146057,6.28149
Verlet,38,8.55062e-10,6.78646e-12,0.999715,0.0238738,4.50011e-07,5.37251e-09,-0.150004,6.28139
Verlet,39,9.00063e-10,7.35198e-12,0.9997,0.024502,4.61851e-07,5.65526e-09,-0.15395,6.2813
Verlet,40,9.47432e-10,7.91752e-12,0.999684,0.0251301,4.73691e-07,5.95289e-09,-0.157897,6.2812
Verlet,41,9.94801e-10,8.54256e-12,0.999668,0.0257582,4.85531e-07,6.25052e-09,-0.161844,6.2811
Verlet,42,1.04454e-09,9.16762e-12,0.999652,0.0263863,4.9737e-07,6.56302e-09,-0.16579,6.281
Verlet,43,1.09427e-09,9.85517e-12,0.999635,0.0270144,5.0921e-07,6.87554e-09,-0.169737,6.28089
Verlet,44,1.14638e-09,1.05427e-11,0.999618,0.0276425,5.21049e-07,7.20292e-09,-0.173683,6.28078
Verlet,45,1.19848e-09,1.12958e-11,0.999601,0.0282706,5.32888e-07,7.53031e-09,-0.177629,6.28068
Verlet,46,1.25296e-09,1.20488e-11,0.999582,0.0288986,5.44726e-07,7.87256e-09,-0.181575,6.28056
Verlet,47,1.30743e-09,1.28703e-11,0.999564,0.0295267,5.56565e-07,8.21483e-09,-0.185522,6.28045
Verlet,48,1.36427e-09,1.36918e-11,0.999545,0.0301547,5.68403e-07,8.57196e-09,-0.189468,6.28033
Verlet,49,1.42111e-09,1.45847e-11,0.999526,0.0307827,5.80241e-07,8.92911e-09,-0.193414,6.28021
Verlet,50,1.48032e-09,1.54776e-11,0.999507,0.0314108,5.92079e-07,9.30111e-09,-0.19736,6.28008
Verlet,51,1.53953e-09,1.64449e-11,0.999487,0.0320388,6.03916e-07,9.67313e-09,-0.201305,6.27996
Verlet,52,1.6011e-09,1.74122e-11,0.999466,0.0326668,6.15754e-07,1.006e-08,-0.205251,6.27983
Verlet,53,1.66268e-09,1.84569e-11,0.999446,0.0332947,6.27591e-07,1.04469e-08,-0.209197,6.2797
Verlet,54,1.72662e-09,1.95016e-11,0.999424,0.0339227,6.39427e-07,1.08487e-08,-0.213142,6.27957
Verlet,55,1.79056e-09,2.06266e-11,0.999403,0.0345506,6.51264e-07,1.12504e-08,-0.217088,6.27944
Verlet,56,1.85687e-09,2.17517e-11,0.999381,0.0351786,6.631e-07,1.16671e-08,-0.221033,6.2793
Verlet,57,1.92318e-09,2.296e-11,0.999359,0.0358065,6.74937e-07,1.20837e-08,-0.224979,6.27916
Verlet,58,1.99186e-09,2.41684e-11,0.999336,0.0364344,6.86772e-07,1.25152e-08,-0.228924,6.27901
Verlet,59,2.06054e-09,2.54631e-11,0.999313,0.0370623,6.98608e-07,1.29467e-08,-0.232869,6.27887
Verlet,60,2.13158e-09,2.67578e-11,0.999289,0.0376902,7.10443e-07,1.33931e-08,-0.236814,6.27872
Verlet,61,2.20263e-09,2.81417e-11,0.999266,0.038318,7.22278e-07,1.38395e-08,-0.240759,6.27857
Verlet,62,2.27604e-09,2.95257e-11,0.999241,0.0389459,7.34113e-07,1.43008e-08,-0.244704,6.27842
Verlet,63,2.34945e-09,3.10019e-11,0.999217,0.0395737,7.45947e-07,1.4762e-08,-0.248649,6.27826
Verlet,64,2.42523e-09,3.24781e-11,0.999192,0.0402016,7.57781e-07,1.52381e-08,-0.252594,6.27811
Verlet,65,2.501e-09,3.40495e-11,0.999166,0.0408294,7.69615e-07,1.57143e-08,-0.256538,6.27795
Verlet,66,2.57915e-09,3.56209e-11,0.99914,0.0414571,7.81448e-07,1.62053e-08,-0.260483,6.27778
Verlet,67,2.65729e-09,3.72905e-11,0.999114,0.0420849,7.93282e-07,1.66963e-08,-0.264427,6.27762
Verlet,68,2.73781e-09,3.89602e-11,0.999087,0.0427127,8.05114e-07,1.72021e-08,-0.268371,6.27745
Verlet,69,2.81832e-09,4.0731e-11,0.999061,0.0433404,8.16947e-07,1.7708e-08,-0.272316,6.27728
Verlet,70,2.9012e-09,4.25018e-11,0.999033,0.0439681,8.28779e-07,1.82287e-08,-0.27626,6.27711
Verlet,71,2.98407e-09,4.43767e-11,0.999005,0.0445958,8.40611e-07,1.87495e-08,-0.280204,6.27694
Verlet,72,3.06932e-09,4.62517e-11,0.998977,0.0452235,8.52443e-07,1.92851e-08,-0.284148,6.27676
Verlet,73,3.15456e-09,4.82337e-11,0.998948,0.0458512,8.64274e-07,1.98207e-08,-0.288091,6.27658
Verlet,74,3.24217e-09,5.02158e-11,0.998919,0.0464788,8.76105e-07,2.03712e-08,-0.292035,6.27639
Verlet,75,3.32978e-09,5.2308e-11,0.99889,0.0471065,8.87936e-07,2.09217e-08,-0.295979,6.27621
Verlet,76,3.41976e-09,5.44002e-11,0.99886,0.0477341,8.99766e-07,2.1487e-08,-0.299922,6.27602
Verlet,77,3.50974e-09,5.66054e-11,0.99883,0.0483617,9.11596e-07,2.20523e-08,-0.303865,6.27583
Verlet,78,3.60208e-09,5.88106e-11,0.998799,0.0489892,9.23425e-07,2.26325e-08,-0.307808,6.27564
Verlet,79,3.69442e-09,6.11319e-11,0.998769,0.0496168,9.35254e-07,2.32127e-08,-0.311751,6.27545
Verlet,80,3.78913e-09,6.34532e-11,0.998737,0.0502443,9.47083e-07,2.38078e-08,-0.315694,6.27525
Verlet,81,3.88384e-09,6.58934e-11,0.998705,0.0508718,9.58912e-07,2.44029e-08,-0.319637,6.27505
Verlet,82,3.98091e-09,6.83337e-11,0.998673,0.0514993,9.70739e-07,2.50128e-08,-0.32358,6.27485
Verlet,83,4.07798e-09,7.0896e-11,0.998641,0.0521268,9.82567e-07,2.56227e-08,-0.327522,6.27464
Verlet,84,4.17743e-09,7.34583e-11,0.998608,0.0527543,9.94394e-07,2.62475e-08,-0.331465,6.27444
Verlet,85,4.27686e-09,7.61455e-11,0.998574,0.0533817,1.00622e-06,2.68723e-08,-0.335407,6.27423
Verlet,86,4.37867e-09,7.88328e-11,0.99854,0.0540091,1.01805e-06,2.7512e-08,-0.339349,6.27401
Verlet,87,4.48047e-09,8.16479e-11,0.998507,0.0546365,1.02987e-06,2.81517e-08,-0.343291,6.2738
Verlet,88,4.58465e-09,8.44631e-11,0.998472,0.0552639,1.0417e-06,2.88062e-08,-0.347233,6.27358
Verlet,89,4.68881e-09,8.74091e-11,0.998437,0.0558912,1.05352e-06,2.94607e-08,-0.351175,6.27337
Verlet,90,4.79535e-09,9.03552e-11,0.998402,0.0565185,1.06535e-06,3.01301e-08,-0.355116,6.27314
Verlet,91,4.90188e-09,9.34351e-11,0.998366,0.0571458,1.07717e-06,3.07995e-08,-0.359058,6.27292
Verlet,92,5.01079e-09,9.65151e-11,0.99833,0.0577731,1.089e-06,3.14837e-08,-0.362999,6.27269
Verlet,93,5.11968e-09,9.97319e-11,0.998293,0.0584004,1.10082e-06,3.21679e-08,-0.36694,6.27246
Verlet,94,5.23095e-09,1.02949e-10,0.998256,0.0590276,1.11264e-06,3.2867e-08,-0.370881,6.27223
Verlet,95,5.34221e-09,1.06305e-10,0.998219,0.0596548,1.12447e-06,3.35661e-08,-0.374822,6.272
Verlet,96,5.45584e-09,1.09662e-10,0.998181,0.060282,1.13629e-06,3.42801e-08,-0.378763,6.27176
Verlet,97,5.56947e-09,1.13161e-10,0.998144,0.0609092,1.14811e-06,3.4994e-08,-0.382704,6.27152
Verlet,98,5.68546e-09,1.16661e-10,0.998105,0.0615363,1.15993e-06,3.57228e-08,-0.386644,6.27128
Verlet,99,5.80145e-09,1.20306e-10,0.998066,0.0621634,1.17175e-06,3.64516e-08,-0.390584,6.27103
Verlet,100,5.91982e-09,1.23951e-10,0.998027,0.0627905,1.18357e-06,3.71953e-08,-0.394524,6.27079
Verlet,101,6.03817e-09,1.27745e-10,0.997987,0.0634176,1.19539e-06,3.7939e-08,-0.398464,6.27054
Verlet,102,6.15889e-09,1.31539e-10,0.997947,0.0640446,1.20721e-06,3.86975e-08,-0.402404,6.27029
Verlet,103,6.27961e-09,1.35484e-10,0.997907,0.0646716,1.21903e-06,3.9456e-08,-0.406344,6.27003
Verlet,104,6.4027e-09,1.3943e-10,0.997866,0.0652987,1.23085e-06,4.02293e-08,-0.410283,6.26978
Verlet,105,6.52578e-09,1.4353e-10,0.997825,0.0659256,1.24267e-06,4.10027e-08,-0.414223,6.26952
Verlet,106,6.65123e-09,1.47631e-10,0.997783,0.0665526,1.25449e-06,4.17909e-08,-0.418162,6.26926
Verlet,107,6.77668e-09,1.51888e-10,0.997741,0.0671795,1.2663e-06,4.25792e-08,-0.422101,6.26899
Verlet,108,6.90449e-09,1.56146e-10,0.997699,0.0678064,1.27812e-06,4.33822e-08,-0.42604,6.26872
Verlet,109,7.0323e-09,1.60565e-10,0.997656,0.0684332,1.28994e-06,4.41853e-08,-0.429978,6.26846
Verlet,110,7.16248e-09,1.64983e-10,0.997613,0.06906,1.30175e-06,4.50032e-08,-0.433917,6.26818
Verlet,111,7.29265e-09,1.69565e-10,0.997569,0.0696868,1.31357e-06,4.58211e-08,-0.437855,6.26791
Verlet,112,7.4252e-09,1.74148e-10,0.997525,0.0703136,1.32538e-06,4.66538e-08,-0.441793,6.26763
Verlet,113,7.55773e-09,1.78896e-10,0.997481,0.0709404,1.33719e-06,4.74866e-08,-0.445731,6.26736
Verlet,114,7.69263e-09,1.83645e-10,0.997436,0.0715671,1.34901e-06,4.83342e-08,-0.449669,6.26707
Verlet,115,7.82753e-09,1.88563e-10,0.997391,0.0721938,1.36082e-06,4.91819e-08,-0.453607,6.26679
Verlet,116,7.9648e-09,1.93481e-10,0.997345,0.0728205,1.37263e-06,5.00443e-08,-0.457544,6.2665
Verlet,117,8.10206e-09,1.98572e-10,0.997299,0.0734471,1.38444e-06,5.09068e-08,-0.461482,6.26622
Verlet,118,8.24169e-09,2.03663e-10,0.997253,0.0740737,1.39626e-06,5.1784e-08,-0.465419,6.26592
Verlet,119,8.38131e-09,2.08929e-10,0.997206,0.0747003,1.40807e-06,5.26613e-08,-0.469356,6.26563
Verlet,120,8.5233e-09,2.14195e-10,0.997159,0.0753268,1.41988e-06,5.35534e-08,-0.473292,6.26533
Verlet,121,8.66528e-09,2.19639e-10,0.997112,0.0759533,1.43169e-06,5.44456e-08,-0.477229,6.26504
Verlet,122,8.80964e-09,2.25084e-10,0.997063,0.0765798,1.44349e-06,5.53526e-08,-0.481165,6.26473
Verlet,123,8.95398e-09,2.3071e-10,0.997015,0.0772063,1.4553e-06,5.62596e-08,-0.485101,6.26443
Verlet,124,9.1007e-09,2.36336e-10,0.996966,0.0778327,1.46711e-06,5.71813e-08,-0.489037,6.26412
Verlet,125,9.2474e-09,2.42146e-10,0.996918,0.0784591,1.47892e-06,5.81032e-08,-0.492973,6.26382
Verlet,126,9.39648e-09,2.47957e-10,0.996868,0.0790855,1.49073e-06,5.90398e-08,-0.496908,6.26351
Verlet,127,9.54555e-09,2.53954e-10,0.996818,0.0797118,1.50253e-06,5.99765e-08,-0.500844,6.26319
Verlet,128,9.69699e-09,2.59952e-10,0.996768,0.0803381,1.51434e-06,6.09279e-08,-0.504779,6.26288
Verlet,129,9.84842e-09,2.6614e-10,0.996717,0.0809644,1.52614e-06,6.18795e-08,-0.508714,6.26256
Verlet,130,1.00022e-08,2.72328e-10,0.996666,0.0815906,1.53795e-06,6.28457e-08,-0.512649,6.26224
Verlet,131,1.0156e-08,2.78709e-10,0.996615,0.0822168,1.54975e-06,6.38121e-08,-0.516584,6.26191
Verlet,132,1.03122e-08,2.8509e-10,0.996563,0.082843,1.56155e-06,6.47932e-08,-0.520518,6.26159
Verlet,133,1.04683e-08,2.91668e-10,0.996511,0.0834691,1.57336e-06,6.57744e-08,-0.524452,6.26126
Verlet,134,1.06268e-08,2.98245e-10,0.996458,0.0840953,1.58516e-06,6.67704e-08,-0.528386,6.26093
Verlet,135,1.07853e-08,3.05022e-10,0.996405,0.0847213,1.59696e-06,6.77664e-08,-0.53232,6.2606
Verlet,136,1.09462e-08,3.11798e-10,0.996351,0.0853474,1.60876e-06,6.87772e-08,-0.536253,6.26026
Verlet,137,1.11071e-08,3.18777e-10,0.996298,0.0859734,1.62056e-06,6.9788e-08,-0.540187,6.25992
Verlet,138,1.12703e-08,3.25756e-10,0.996243,0.0865994,1.63236e-06,7.08136e-08,-0.54412,6.25958
Verlet,139,1.14336e-08,3.3294e-10,0.996189,0.0872253,1.64416e-06,7.18393e-08,-0.548053,6.25924
Verlet,140,1.15992e-08,3.40124e-10,0.996134,0.0878512,1.65596e-06,7.28797e-08,-0.551985,6.25889
Verlet,141,1.17648e-08,3.47516e-10,0.996078,0.0884771,1.66775e-06,7.39202e-08,-0.555918,6.25855
Verlet,142,1.19327e-08,3.54908e-10,0.996022,0.0891029,1.67955e-06,7.49755e-08,-0.55985,6.25819
Verlet,143,1.21007e-08,3.62511e-10,0.995966,0.0897287,1.69135e-06,7.60308e-08,-0.563782,6.25784
Verlet,144,1.2271e-08,3.70114e-10,0.99591,0.0903545,1.70314e-06,7.71009e-08,-0.567714,6.25749
Verlet,145,1.24413e-08,3.77931e-10,0.995853,0.0909802,1.71494e-06,7.8171e-08,-0.571646,6.25713
Verlet,146,1.2614e-08,3.85748e-10,0.995795,0.0916059,1.72673e-06,7.92559e-08,-0.575577,6.25677
Verlet,147,1.27866e-08,3.93782e-10,0.995738,0.0922316,1.73852e-06,8.03409e-08,-0.579508,6.25641
Verlet,148,1.29617e-08,4.01817e-10,0.995679,0.0928572,1.75032e-06,8.14406e-08,-0.583439,6.25604
Verlet,149,1.31367e-08,4.1007e-10,0.995621,0.0934828,1.76211e-06,8.25404e-08,-0.58737,6.25567
Verlet,150,1.33141e-08,4.18325e-10,0.995562,0.0941083,1.7739e-06,8.3655e-08,-0.5913,6.2553
Verlet,151,1.34915e-08,4.26801e-10,0.995503,0.0947338,1.78569e-06,8.47696e-08,-0.59523,6.25493
Verlet,152,1.36712e-08,4.35279e-10,0.995443,0.0953593,1.79748e-06,8.58989e-08,-0.59916,6.25455
Verlet,153,1.3851e-08,4.43981e-10,0.995383,0.0959847,1.80927e-06,8.70284e-08,-0.60309,6.25418
Verlet,154,1.40331e-08,4.52684e-10,0.995322,0.0966102,1.82106e-06,8.81725e-08,-0.607019,6.25379
Verlet,155,1.42152e-08,4.61616e-10,0.995262,0.0972355,1.83285e-06,8.93168e-08,-0.610949,6.25341
Verlet,156,1.43997e-08,4.70548e-10,0.9952,0.0978608,1.84463e-06,9.04757e-08,-0.614877,6.25303
Verlet,157,1.45841e-08,4.79711e-10,0.995139,0.0984861,1.85642e-06,9.16348e-08,-0.618806,6.25264
Verlet,158,1.4771e-08,4.88875e-10,0.995076,0.0991114,1.8682e-06,9.28086e-08,-0.622735,6.25225
Verlet,159,1.49578e-08,4.98272e-10,0.995014,0.0997366,1.87999e-06,9.39825e-08,-0.626663,6.25186
Verlet,160,1.5147e-08,5.07671e-10,0.994951,0.100362,1.89177e-06,9.5171e-08,-0.630591,6.25146
Verlet,161,1.53361e-08,5.17307e-10,0.994888,0.100987,1.90356e-06,9.63597e-08,-0.634519,6.25107
Verlet,162,1.55277e-08,5.26943e-10,0.994824,0.101612,1.91534e-06,9.75631e-08,-0.638446,6.25066
Verlet,163,1.57192e-08,5.36819e-10,0.99476,0.102237,1.92712e-06,9.87666e-08,-0.642374,6.25026
Verlet,164,1.59131e-08,5.46696e-10,0.994696,0.102862,1.9389e-06,9.99848e-08,-0.646301,6.24986
Verlet,165,1.6107e-08,5.56816e-10,0.994631,0.103487,1.95068e-06,1.01203e-07,-0.650228,6.24945
Verlet,166,1.63032e-08,5.66937e-10,0.994566,0.104112,1.96246e-06,1.02436e-07,-0.654154,6.24904
Verlet,167,1.64995e-08,5.77304e-10,0.9945,0.104737,1.97424e-06,1.03669e-07,-0.65808,6.24863
Verlet,168,1.66981e-08,5.87671e-10,0.994434,0.105362,1.98602e-06,1.04917e-07,-0.662006,6.24821
Verlet,169,1.68967e-08,5.98287e-10,0.994368,0.105986,1.9978e-06,1.06165e-07,-0.665932,6.2478
Verlet,170,1.70976e-08,6.08904e-10,0.994301,0.106611,2.00957e-06,1.07428e-07,-0.669857,6.24738
Verlet,171,1.72986e-08,6.19772e-10,0.994234,0.107236,2.02135e-06,1.0869e-07,-0.673783,6.24696
Verlet,172,1.75019e-08,6.30642e-10,0.994166,0.107861,2.03312e-06,1.09968e-07,-0.677708,6.24653
Verlet,173,1.77052e-08,6.41766e-10,0.994098,0.108485,2.0449e-06,1.11245e-07,-0.681633,6.2461
Verlet,174,1.79109e-08,6.52891e-10,0.99403,0.10911,2.05667e-06,1.12537e-07,-0.685557,6.24567
Verlet,175,1.81165e-08,6.64273e-10,0.993961,0.109734,2.06844e-06,1.1383e-07,-0.689481,6.24524
Verlet,176,1.83246e-08,6.75657e-10,0.993892,0.110359,2.08021e-06,1.15137e-07,-0.693405,6.24481
Verlet,177,1.85326e-08,6.87301e-10,0.993822,0.110983,2.09199e-06,1.16444e-07,-0.697329,6.24437
Verlet,178,1.8743e-08,6.98945e-10,0.993752,0.111608,2.10375e-06,1.17765e-07,-0.701252,6.24393
Verlet,179,1.89533e-08,7.10854e-10,0.993682,0.112232,2.11552e-06,1.19087e-07,-0.705175,6.24349
Verlet,180,1.91661e-08,7.22763e-10,0.993611,0.112856,2.12729e-06,1.20424e-07,-0.709097,6.24304
Verlet,181,1.93788e-08,7.34939e-10,0.99354,0.113481,2.13906e-06,1.21761e-07,-0.71302,6.2426
Verlet,182,1.95939e-08,7.47115e-10,0.993469,0.114105,2.15083e-06,1.23112e-07,-0.716942,6.24215
Verlet,183,1.9809e-08,7.59561e-10,0.993397,0.114729,2.16259e-06,1.24463e-07,-0.720864,6.2417
Verlet,184,2.00264e-08,7.72008e-10,0.993325,0.115353,2.17436e-06,1.2583e-07,-0.724786,6.24124
Verlet,185,2.02438e-08,7.84727e-10,0.993252,0.115977,2.18612e-06,1.27196e-07,-0.728707,6.24079
Verlet,186,2.04636e-08,7.97447e-10,0.993179,0.116601,2.19788e-06,1.28577e-07,-0.732628,6.24033
Verlet,187,2.06834e-08,8.10442e-10,0.993106,0.117225,2.20965e-06,1.29958e-07,-0.736549,6.23987
Verlet,188,2.09056e-08,8.23438e-10,0.993031,0.117849,2.22141e-06,1.31353e-07,-0.740469,6.2394
Verlet,189,2.11277e-08,8.36713e-10,0.992957,0.118473,2.23317e-06,1.32749e-07,-0.74439,6.23894
Verlet,190,2.13522e-08,8.49988e-10,0.992883,0.119097,2.24493e-06,1.3416e-07,-0.748309,6.23847
Verlet,191,2.15767e-08,8.63545e-10,0.992808,0.119721,2.25669e-06,1.3557e-07,-0.752229,6.238
Verlet,192,2.18035e-08,8.77102e-10,0.992732,0.120345,2.26844e-06,1.36996e-07,-0.756148,6.23752
Verlet,193,2.20304e-08,8.90944e-10,0.992657,0.120968,2.2802e-06,1.38421e-07,-0.760067,6.23705
Verlet,194,2.22596e-08,9.04787e-10,0.99258,0.121592,2.29196e-06,1.39861e-07,-0.763986,6.23657
Verlet,195,2.24887e-08,9.18916e-10,0.992504,0.122216,2.30371e-06,1.41301e-07,-0.767905,6.23608
Verlet,196,2.27203e-08,9.33047e-10,0.992427,0.122839,2.31547e-06,1.42756e-07,-0.771822,6.2356
Verlet,197,2.29518e-08,9.47467e-10,0.992349,0.123463,2.32722e-06,1.44211e-07,-0.77574,6.23512
Verlet,198,2.31858e-08,9.61889e-10,0.992271,0.124086,2.33897e-06,1.4568e-07,-0.779658,6.23463
Verlet,199,2.34196e-08,9.76603e-10,0.992193,0.12471,2.35073e-06,1.4715e-07,-0.783575,6.23414
Verlet,200,2.36559e-08,9.91319e-10,0.992115,0.125333,2.36248e-06,1.48634e-07,-0.787492,6.23364
Verlet,201,2.38921e-08,1.00633e-09,0.992036,0.125957,2.37423e-06,1.50119e-07,-0.791409,6.23315
Verlet,202,2.41307e-08,1.02134e-09,0.991956,0.12658,2.38597e-06,1.51618e-07,-0.795324,6.23265
Verlet,203,2.43693e-08,1.03665e-09,0.991877,0.127203,2.39772e-06,1.53117e-07,-0.799241,6.23215
Verlet,204,2.46103e-08,1.05197e-09,0.991797,0.127826,2.40947e-06,1.54631e-07,-0.803156,6.23164
Verlet,205,2.48512e-08,1.06758e-09,0.991716,0.128449,2.42121e-06,1.56145e-07,-0.807072,6.23114
Verlet,206,2.50945e-08,1.0832e-09,0.991635,0.129073,2.43296e-06,1.57674e-07,-0.810986,6.23063
Verlet,207,2.53378e-08,1.09911e-09,0.991554,0.129696,2.4447e-06,1.59202e-07,-0.814901,6.23012
Verlet,208,2.55835e-08,1.11504e-09,0.991472,0.130319,2.45645e-06,1.60746e-07,-0.818815,6.2296
Verlet,209,2.58291e-08,1.13126e-09,0.99139,0.130941,2.46819e-06,1.62289e-07,-0.82273,6.22909
Verlet,210,2.60771e-08,1.14749e-09,0.991308,0.131564,2.47993e-06,1.63847e-07,-0.826643,6.22857
Verlet,211,2.63251e-08,1.16403e-09,0.991225,0.132187,2.49167e-06,1.65406e-07,-0.830557,6.22805
Verlet,212,2.65754e-08,1.18057e-09,0.991142,0.13281,2.50341e-06,1.66978e-07,-0.834469,6.22753
Verlet,213,2.68258e-08,1.19743e-09,0.991058,0.133433,2.51515e-06,1.68551e-07,-0.838382,6.227
Verlet,214,2.70785e-08,1.21428e-09,0.990974,0.134055,2.52688e-06,1.70139e-07,-0.842294,6.22647
Verlet,215,2.73311e-08,1.23146e-09,0.99089,0.134678,2.53862e-06,1.71727e-07,-0.846207,6.22594
Verlet,216,2.75862e-08,1.24863e-09,0.990805,0.135301,2.55035e-06,1.73329e-07,-0.850118,6.22541
Verlet,217,2.78412e-08,1.26612e-09,0.99072,0.135923,2.56209e-06,1.74932e-07,-0.85403,6.22487
Verlet,218,2.80986e-08,1.28362e-09,0.990634,0.136546,2.57382e-06,1.76549e-07,-0.857941,6.22434
Verlet,219,2.8356e-08,1.30143e-09,0.990548,0.137168,2.58555e-06,1.78166e-07,-0.861852,6.2238
Verlet,220,2.86157e-08,1.31925e-09,0.990461,0.13779,2.59728e-06,1.79798e-07,-0.865762,6.22325
Verlet,221,2.88754e-08,1.33739e-09,0.990375,0.138413,2.60902e-06,1.8143e-07,-0.869672,6.22271
Verlet,222,2.91375e-08,1.35554e-09,0.990287,0.139035,2.62074e-06,1.83076e-07,-0.873581,6.22216
Verlet,223,2.93996e-08,1.37401e-09,0.9902,0.139657,2.63247e-06,1.84723e-07,-0.877491,6.22161
Verlet,224,2.9664e-08,1.39248e-09,0.990112,0.140279,2.6442e-06,1.86384e-07,-0.8814,6.22106
Verlet,225,2.99284e-08,1.41128e-09,0.990024,0.140901,2.65593e-06,1.88046e-07,-0.885309,6.2205
Verlet,226,3.01952e-08,1.43009e-09,0.989935,0.141523,2.66765e-06,1.89722e-07,-0.889217,6.21994
Verlet,227,3.0462e-08,1.44923e-09,0.989846,0.142145,2.67937e-06,1.91398e-07,-0.893125,6.21939
Verlet,228,3.07311e-08,1.46837e-09,0.989756,0.142767,2.6911e-06,1.93089e-07,-0.897032,6.21882
Verlet,229,3.10002e-08,1.48785e-09,0.989667,0.143389,2.70282e-06,1.9478e-07,-0.90094,6.21826
Verlet,230,3.12716e-08,1.50733e-09,0.989576,0.144011,2.71454e-06,1.96485e-07,-0.904846,6.21769
Verlet,231,3.15431e-08,1.52714e-09,0.989486,0.144633,2.72626e-06,1.98191e-07,-0.908753,6.21712
Verlet,232,3.18169e-08,1.54696e-09,0.989394,0.145254,2.73798e-06,1.99911e-07,-0.912659,6.21655
Verlet,233,3.20907e-08,1.56713e-09,0.989303,0.145876,2.74969e-06,2.01632e-07,-0.916565,6.21597
Verlet,234,3.23668e-08,1.58729e-09,0.989211,0.146497,2.76141e-06,2.03367e-07,-0.92047,6.2154
Verlet,235,3.2643e-08,1.6078e-09,0.989119,0.147119,2.77313e-06,2.05102e-07,-0.924375,6.21482
Verlet,236,3.29215e-08,1.62831e-09,0.989026,0.14774,2.78484e-06,2.06852e-07,-0.92828,6.21423
Verlet,237,3.31999e-08,1.64917e-09,0.988933,0.148362,2.79655e-06,2.08601e-07,-0.932184,6.21365
Verlet,238,3.34808e-08,1.67003e-09,0.98884,0.148983,2.80826e-06,2.10366e-07,-0.936088,6.21306
Verlet,239,3.37616e-08,1.69124e-09,0.988746,0.149604,2.81998e-06,2.1213e-07,-0.939992,6.21248
Verlet,240,3.40448e-08,1.71246e-09,0.988652,0.150226,2.83168e-06,2.13909e-07,-0.943895,6.21188
Verlet,241,3.43279e-08,1.73402e-09,0.988557,0.150847,2.84339e-06,2.15689e-07,-0.947798,6.21129
Verlet,242,3.46134e-08,1.75559e-09,0.988462,0.151468,2.8551e-06,2.17483e-07,-0.9517,6.21069
Verlet,243,3.48989e-08,1.77752e-09,0.988367,0.152089,2.86681e-06,2.19277e-07,-0.955603,6.21009
Verlet,244,3.51868e-08,1.79945e-09,0.988271,0.15271,2.87851e-06,2.21085e-07,-0.959504,6.20949
Verlet,245,3.54746e-08,1.82174e-09,0.988175,0.153331,2.89022e-06,2.22894e-07,-0.963406,6.20889
Verlet,246,3.57649e-08,1.84403e-09,0.988078,0.153952,2.90192e-06,2.24717e-07,-0.967306,6.20828
Verlet,247,3.6055e-08,1.86668e-09,0.987982,0.154572,2.91362e-06,2.26541e-07,-0.971207,6.20767
Verlet,248,3.63476e-08,1.88934e-09,0.987884,0.155193,2.92532e-06,2.28378e-07,-0.975107,6.20706
Verlet,249,3.66401e-08,1.91236e-09,0.987787,0.155814,2.93702e-06,2.30217e-07,-0.979007,6.20645
Verlet,250,3.6935e-08,1.93538e-09,0.987688,0.156435,2.94872e-06,2.32069e-07,-0.982906,6.20583
Verlet,251,3.72298e-08,1.95877e-09,0.98759,0.157055,2.96042e-06,2.33922e-07,-0.986806,6.20521
Verlet,252,3.75271e-08,1.98216e-09,0.987491,0.157676,2.97211e-06,2.35789e-07,-0.990704,6.20459
Verlet,253,3.78243e-08,2.00593e-09,0.987392,0.158296,2.98381e-06,2.37657e-07,-0.994603,6.20397
Verlet,254,3.81238e-08,2.0297e-09,0.987292,0.158916,2.9955e-06,2.39539e-07,-0.9985,6.20334
Verlet,255,3.84234e-08,2.05384e-09,0.987192,0.159537,3.00719e-06,2.41421e-07,-1.0024,6.20271
Verlet,256,3.87253e-08,2.07798e-09,0.987092,0.160157,3.01888e-06,2.43318e-07,-1.00629,6.20208
Verlet,257,3.90271e-08,2.1025e-09,0.986991,0.160777,3.03058e-06,2.45215e-07,-1.01019,6.20145
Verlet,258,3.93314e-08,2.12702e-09,0.98689,0.161397,3.04226e-06,2.47126e-07,-1.01409,6.20081
Verlet,259,3.96356e-08,2.15193e-09,0.986788,0.162017,3.05395e-06,2.49038e-07,-1.01798,6.20017
Verlet,260,3.99422e-08,2.17683e-09,0.986686,0.162637,3.06564e-06,2.50964e-07,-1.02188,6.19953
Verlet,261,4.02487e-08,2.20212e-09,0.986584,0.163257,3.07732e-06,2.5289e-07,-1.02577,6.19889
Verlet,262,4.05576e-08,2.22741e-09,0.986481,0.163877,3.08901e-06,2.54831e-07,-1.02967,6.19824
Verlet,263,4.08665e-08,2.25308e-09,0.986378,0.164497,3.10069e-06,2.56772e-07,-1.03356,6.19759
Verlet,264,4.11778e-08,2.27876e-09,0.986274,0.165117,3.11237e-06,2.58727e-07,-1.03746,6.19694
Verlet,265,4.1489e-08,2.30483e-09,0.98617,0.165736,3.12405e-06,2.60683e-07,-1.04135,6.19629
Verlet,266,4.18026e-08,2.3309e-09,0.986066,0.166356,3.13573e-06,2.62653e-07,-1.04524,6.19563
Verlet,267,4.21161e-08,2.35736e-09,0.985961,0.166975,3.14741e-06,2.64624e-07,-1.04914,6.19498
Verlet,268,4.24321e-08,2.38382e-09,0.985856,0.167595,3.15908e-06,2.66608e-07,-1.05303,6.19432
Verlet,269,4.2748e-08,2.41068e-09,0.985751,0.168214,3.17076e-06,2.68593e-07,-1.05692,6.19365
Verlet,270,4.30662e-08,2.43754e-09,0.985645,0.168833,3.18243e-06,2.70593e-07,-1.06081,6.19299
Verlet,271,4.33844e-08,2.4648e-09,0.985539,0.169453,3.19411e-06,2.72593e-07,-1.0647,6.19232
Verlet,272,4.3705e-08,2.49206e-09,0.985432,0.170072,3.20578e-06,2.74607e-07,-1.06859,6.19165
Verlet,273,4.40256e-08,2.51972e-09,0.985325,0.170691,3.21745e-06,2.76621e-07,-1.07248,6.19098
Verlet,274,4.43485e-08,2.54739e-09,0.985217,0.17131,3.22912e-06,2.7865e-07,-1.07637,6.1903
Verlet,275,4.46714e-08,2.57545e-09,0.98511,0.171929,3.24079e-06,2.80679e-07,-1.08026,6.18963
Verlet,276,4.49967e-08,2.60352e-09,0.985001,0.172548,3.25245e-06,2.82722e-07,-1.08415,6.18894
Verlet,277,4.53219e-08,2.632e-09,0.984893,0.173167,3.26412e-06,2.84766e-07,-1.08804,6.18826
Verlet,278,4.56495e-08,2.66047e-09,0.984783,0.173786,3.27578e-06,2.86824e-07,-1.09193,6.18758
Verlet,279,4.59771e-08,2.68936e-09,0.984674,0.174404,3.28745e-06,2.88883e-07,-1.09582,6.18689
Verlet,280,4.6307e-08,2.71825e-09,0.984564,0.175023,3.29911e-06,2.90955e-07,-1.0997,6.1862
Verlet,281,4.66369e-08,2.74755e-09,0.984454,0.175642,3.31077e-06,2.93028e-07,-1.10359,6.18551
Verlet,282,4.69692e-08,2.77686e-09,0.984344,0.17626,3.32242e-06,2.95116e-07,-1.10747,6.18481
Verlet,283,4.73014e-08,2.80658e-09,0.984233,0.176879,3.33408e-06,2.97203e-07,-1.11136,6.18412
Verlet,284,4.7636e-08,2.8363e-09,0.984121,0.177497,3.34574e-06,2.99305e-07,-1.11525,6.18342
Verlet,285,4.79705e-08,2.86644e-09,0.98401,0.178115,3.35739e-06,3.01408e-07,-1.11913,6.18272
Verlet,286,4.83075e-08,2.89658e-09,0.983898,0.178734,3.36905e-06,3.03525e-07,-1.12302,6.18201
Verlet,287,4.86443e-08,2.92714e-09,0.983785,0.179352,3.3807e-06,3.05642e-07,-1.1269,6.1813
Verlet,288,4.89836e-08,2.95771e-09,0.983672,0.17997,3.39235e-06,3.07773e-07,-1.13078,6.18059
Verlet,289,4.93228e-08,2.9887e-09,0.983559,0.180588,3.404e-06,3.09904e-07,-1.13467,6.17988
Verlet,290,4.96644e-08,3.01969e-09,0.983445,0.181206,3.41565e-06,3.1205e-07,-1.13855,6.17917
Verlet,291,5.00059e-08,3.05111e-09,0.983331,0.181824,3.4273e-06,3.14197e-07,-1.14243,6.17845
Verlet,292,5.03499e-08,3.08253e-09,0.983217,0.182442,3.43894e-06,3.16357e-07,-1.14631,6.17773
Verlet,293,5.06937e-08,3.11438e-09,0.983102,0.183059,3.45058e-06,3.18518e-07,-1.15019,6.17701
Verlet,294,5.104e-08,3.14623e-09,0.982987,0.183677,3.46223e-06,3.20693e-07,-1.15408,6.17629
Verlet,295,5.13862e-08,3.17852e-09,0.982871,0.184294,3.47387e-06,3.22869e-07,-1.15796,6.17556
Verlet,296,5.17347e-08,3.21081e-09,0.982755,0.184912,3.48551e-06,3.25059e-07,-1.16184,6.17483
Verlet,297,5.20833e-08,3.24353e-09,0.982639,0.185529,3.49715e-06,3.27249e-07,-1.16572,6.1741
Verlet,298,5.24342e-08,3.27625e-09,0.982522,0.186147,3.50878e-06,3.29453e-07,-1.16959,6.17337
Verlet,299,5.2785e-08,3.30942e-09,0.982405,0.186764,3.52042e-06,3.31658e-07,-1.17347,6.17263
Verlet,300,5.31383e-08,3.34259e-09,0.982287,0.187381,3.53205e-06,3.33877e-07,-1.17735,6.17189
Verlet,301,5.34914e-08,3.37619e-09,0.98217,0.187998,3.54369e-06,3.36097e-07,-1.18123,6.17115
Verlet,302,5.3847e-08,3.40981e-09,0.982051,0.188616,3.55532e-06,3.3833e-07,-1.18511,6.17041
Verlet,303,5.42025e-08,3.44386e-09,0.981933,0.189233,3.56695e-06,3.40565e-07,-1.18898,6.16966
Verlet,304,5.45604e-08,3.47792e-09,0.981813,0.18985,3.57858e-06,3.42813e-07,-1.19286,6.16891
Verlet,305,5.49182e-08,3.51242e-09,0.981694,0.190466,3.59021e-06,3.45062e-07,-1.19674,6.16816
Verlet,306,5.52784e-08,3.54693e-09,0.981574,0.191083,3.60183e-06,3.47324e-07,-1.20061,6.16741
Verlet,307,5.56386e-08,3.58189e-09,0.981454,0.1917,3.61346e-06,3.49588e-07,-1.20449,6.16666
Verlet,308,5.60011e-08,3.61685e-09,0.981333,0.192316,3.62508e-06,3.51865e-07,-1.20836,6.1659
Verlet,309,5.63636e-08,3.65226e-09,0.981212,0.192933,3.6367e-06,3.54143e-07,-1.21223,6.16514
Verlet,310,5.67285e-08,3.68768e-09,0.981091,0.19355,3.64832e-06,3.56435e-07,-1.21611,6.16437
Verlet,311,5.70933e-08,3.72355e-09,0.980969,0.194166,3.65994e-06,3.58728e-07,-1.21998,6.16361
Verlet,312,5.74604e-08,3.75942e-09,0.980847,0.194782,3.67156e-06,3.61034e-07,-1.22385,6.16284
Verlet,313,5.78276e-08,3.79575e-09,0.980724,0.195398,3.68317e-06,3.63342e-07,-1.22772,6.16207
Verlet,314,5.81971e-08,3.83209e-09,0.980601,0.196015,3.69479e-06,3.65663e-07,-1.2316,6.1613
Verlet,315,5.85665e-08,3.86889e-09,0.980478,0.196631,3.7064e-06,3.67985e-07,-1.23547,6.16052
Verlet,316,5.89384e-08,3.90569e-09,0.980354,0.197247,3.71801e-06,3.7032e-07,-1.23934,6.15975
Verlet,317,5.93101e-08,3.94295e-09,0.98023,0.197863,3.72962e-06,3.72657e-07,-1.24321,6.15897
Verlet,318,5.96843e-08,3.98022e-09,0.980105,0.198479,3.74123e-06,3.75007e-07,-1.24708,6.15818
Verlet,319,6.00584e-08,4.01795e-09,0.979981,0.199094,3.75284e-06,3.77358e-07,-1.25095,6.1574
Verlet,320,6.04349e-08,4.05569e-09,0.979855,0.19971,3.76444e-06,3.79723e-07,-1.25481,6.15661
Verlet,321,6.08113e-08,4.0939e-09,0.97973,0.200326,3.77605e-06,3.82089e-07,-1.25868,6.15582
Verlet,322,6.11901e-08,4.13211e-09,0.979603,0.200941,3.78765e-06,3.84468e-07,-1.26255,6.15503
Verlet,323,6.15688e-08,4.17079e-09,0.979477,0.201557,3.79925e-06,3.86848e-07,-1.26642,6.15424
Verlet,324,6.19499e-08,4.20948e-09,0.97935,0.202172,3.81085e-06,3.89243e-07,-1.27028,6.15344
Verlet,325,6.2331e-08,4.24864e-09,0.979223,0.202787,3.82245e-06,3.91637e-07,-1.27415,6.15264
Verlet,326,6.27144e-08,4.28781e-09,0.979095,0.203403,3.83405e-06,3.94046e-07,-1.27802,6.15184
Verlet,327,6.30978e-08,4.32745e-09,0.978967,0.204018,3.84564e-06,3.96455e-07,-1.28188,6.15103
Verlet,328,6.34835e-08,4.3671e-09,0.978839,0.204633,3.85723e-06,3.98879e-07,-1.28574,6.15023
Verlet,329,6.38692e-08,4.40722e-09,0.97871,0.205248,3.86883e-06,4.01302e-07,-1.28961,6.14942
Verlet,330,6.42573e-08,4.44736e-09,0.978581,0.205863,3.88042e-06,4.0374e-07,-1.29347,6.14861
Verlet,331,6.46453e-08,4.48797e-09,0.978452,0.206477,3.89201e-06,4.06179e-07,-1.29734,6.14779
Verlet,332,6.50357e-08,4.52859e-09,0.978321,0.207092,3.90359e-06,4.08631e-07,-1.3012,6.14697
Verlet,333,6.5426e-08,4.5697e-09,0.978191,0.207707,3.91518e-06,4.11084e-07,-1.30506,6.14616
Verlet,334,6.58187e-08,4.61081e-09,0.97806,0.208321,3.92676e-06,4.13551e-07,-1.30892,6.14533
Verlet,335,6.62114e-08,4.65241e-09,0.97793,0.208936,3.93835e-06,4.16019e-07,-1.31278,6.14451
Verlet,336,6.66064e-08,4.69401e-09,0.977798,0.20955,3.94993e-06,4.185e-07,-1.31664,6.14369
Verlet,337,6.70014e-08,4.73611e-09,0.977666,0.210165,3.96151e-06,4.20982e-07,-1.3205,6.14286
Verlet,338,6.73987e-08,4.77821e-09,0.977534,0.210779,3.97309e-06,4.23478e-07,-1.32436,6.14203
Verlet,339,6.7796e-08,4.8208e-09,0.977401,0.211393,3.98467e-06,4.25975e-07,-1.32822,6.14119
Verlet,340,6.81956e-08,4.86341e-09,0.977268,0.212007,3.99624e-06,4.28486e-07,-1.33208,6.14036
Verlet,341,6.85952e-08,4.9065e-09,0.977135,0.212621,4.00781e-06,4.30997e-07,-1.33594,6.13952
Verlet,342,6.89972e-08,4.9496e-09,0.977001,0.213235,4.01938e-06,4.33522e-07,-1.33979,6.13868
Verlet,343,6.93991e-08,4.99321e-09,0.976867,0.213849,4.03096e-06,4.36048e-07,-1.34365,6.13784
Verlet,344,6.98034e-08,5.03681e-09,0.976732,0.214463,4.04252e-06,4.38587e-07,-1.34751,6.13699
Verlet,345,7.02076e-08,5.08092e-09,0.976597,0.215076,4.05409e-06,4.41128e-07,-1.35136,6.13614
Verlet,346,7.06142e-08,5.12504e-09,0.976462,0.21569,4.06566e-06,4.43682e-07,-1.35522,6.13529
Verlet,347,7.10207e-08,5.16966e-09,0.976326,0.216303,4.07722e-06,4.46237e-07,-1.35907,6.13444
Verlet,348,7.14297e-08,5.21429e-09,0.97619,0.216917,4.08878e-06,4.48806e-07,-1.36293,6.13358
Verlet,349,7.18385e-08,5.25942e-09,0.976054,0.21753,4.10034e-06,4.51375e-07,-1.36678,6.13273
Verlet,350,7.22497e-08,5.30456e-09,0.975917,0.218143,4.1119e-06,4.53958e-07,-1.37063,6.13187
Verlet,351,7.26609e-08,5.35021e-09,0.97578,0.218756,4.12346e-06,4.56542e-07,-1.37449,6.131
Verlet,352,7.30744e-08,5.39587e-09,0.975642,0.219369,4.13502e-06,4.5914e-07,-1.37834,6.13014
Verlet,353,7.34879e-08,5.44204e-09,0.975504,0.219982,4.14657e-06,4.61738e-07,-1.38219,6.12927
Verlet,354,7.39037e-08,5.48822e-09,0.975365,0.220595,4.15812e-06,4.64351e-07,-1.38604,6.1284
Verlet,355,7.43195e-08,5.53491e-09,0.975227,0.221208,4.16967e-06,4.66963e-07,-1.38989,6.12753
Verlet,356,7.47377e-08,5.58161e-09,0.975087,0.221821,4.18122e-06,4.6959e-07,-1.39374,6.12666
Verlet,357,7.51557e-08,5.62883e-09,0.974948,0.222433,4.19277e-06,4.72218e-07,-1.39759,6.12578
Verlet,358,7.55762e-08,5.67605e-09,0.974808,0.223046,4.20432e-06,4.74859e-07,-1.40144,6.1249
Verlet,359,7.59966e-08,5.7238e-09,0.974668,0.223658,4.21586e-06,4.77501e-07,-1.40529,6.12402
Verlet,360,7.64194e-08,5.77155e-09,0.974527,0.224271,4.2274e-06,4.80157e-07,-1.40913,6.12313
Verlet,361,7.68421e-08,5.81983e-09,0.974386,0.224883,4.23895e-06,4.82813e-07,-1.41298,6.12225
Verlet,362,7.72672e-08,5.86812e-09,0.974244,0.225495,4.25048e-06,4.85484e-07,-1.41683,6.12136
Verlet,363,7.76922e-08,5.91693e-09,0.974103,0.226107,4.26202e-06,4.88155e-07,-1.42067,6.12047
Verlet,364,7.81196e-08,5.96575e-09,0.97396,0.226719,4.27356e-06,4.9084e-07,-1.42452,6.11957
Verlet,365,7.85469e-08,6.0151e-09,0.973818,0.227331,4.28509e-06,4.93525e-07,-1.42836,6.11868
Verlet,366,7.89766e-08,6.06445e-09,0.973674,0.227943,4.29662e-06,4.96224e-07,-1.43221,6.11778
Verlet,367,7.94062e-08,6.11434e-09,0.973531,0.228555,4.30816e-06,4.98924e-07,-1.43605,6.11688
Verlet,368,7.98382e-08,6.16424e-09,0.973387,0.229166,4.31968e-06,5.01638e-07,-1.43989,6.11597
Verlet,369,8.02702e-08,6.21467e-09,0.973243,0.229778,4.33121e-06,5.04353e-07,-1.44374,6.11507
Verlet,370,8.07045e-08,6.26511e-09,0.973099,0.230389,4.34274e-06,5.07081e-07,-1.44758,6.11416
Verlet,371,8.11387e-08,6.31609e-09,0.972954,0.231001,4.35426e-06,5.0981e-07,-1.45142,6.11325
Verlet,372,8.15753e-08,6.36707e-09,0.972808,0.231612,4.36578e-06,5.12553e-07,-1.45526,6.11233
Verlet,373,8.20119e-08,6.4186e-09,0.972663,0.232223,4.37731e-06,5.15296e-07,-1.4591,6.11142
Verlet,374,8.24508e-08,6.47013e-09,0.972516,0.232834,4.38882e-06,5.18053e-07,-1.46294,6.1105
Verlet,375,8.28896e-08,6.52221e-09,0.97237,0.233445,4.40034e-06,5.20811e-07,-1.46678,6.10958
Verlet,376,8.33309e-08,6.57429e-09,0.972223,0.234056,4.41186e-06,5.23583e-07,-1.47062,6.10866
Verlet,377,8.3772e-08,6.62692e-09,0.972076,0.234667,4.42337e-06,5.26355e-07,-1.47446,6.10773
Verlet,378,8.42155e-08,6.67956e-09,0.971928,0.235278,4.43488e-06,5.29142e-07,-1.47829,6.1068
Verlet,379,8.4659e-08,6.73275e-09,0.97178,0.235888,4.44639e-06,5.31928e-07,-1.48213,6.10588
Verlet,380,8.51048e-08,6.78595e-09,0.971632,0.236499,4.4579e-06,5.34729e-07,-1.48597,6.10494
Verlet,381,8.55506e-08,6.8397e-09,0.971483,0.237109,4.46941e-06,5.3753e-07,-1.4898,6.10401
Verlet,382,8.59987e-08,6.89345e-09,0.971334,0.23772,4.48091e-06,5.40345e-07,-1.49364,6.10307
Verlet,383,8.64467e-08,6.94777e-09,0.971184,0.23833,4.49242e-06,5.43161e-07,-1.49747,6.10213
Verlet,384,8.68972e-08,7.00209e-09,0.971034,0.23894,4.50392e-06,5.45991e-07,-1.50131,6.10119
Verlet,385,8.73475e-08,7.05696e-09,0.970884,0.23955,4.51542e-06,5.48821e-07,-1.50514,6.10024
Verlet,386,8.78003e-08,7.11185e-09,0.970733,0.24016,4.52691e-06,5.51665e-07,-1.50897,6.0993
Verlet,387,8.82529e-08,7.1673e-09,0.970582,0.24077,4.53841e-06,5.5451e-07,-1.5128,6.09835
Verlet,388,8.87079e-08,7.22275e-09,0.970431,0.24138,4.5499e-06,5.57368e-07,-1.51663,6.0974
Verlet,389,8.91629e-08,7.27877e-09,0.970279,0.24199,4.5614e-06,5.60227e-07,-1.52047,6.09644
Verlet,390,8.96202e-08,7.3348e-09,0.970127,0.242599,4.57289e-06,5.631e-07,-1.5243,6.09549
Verlet,391,9.00775e-08,7.39139e-09,0.969974,0.243209,4.58438e-06,5.65974e-07,-1.52813,6.09453
Verlet,392,9.05371e-08,7.44799e-09,0.969821,0.243818,4.59586e-06,5.68861e-07,-1.53195,6.09356
Verlet,393,9.09966e-08,7.50516e-09,0.969668,0.244427,4.60735e-06,5.71749e-07,-1.53578,6.0926
Verlet,394,9.14586e-08,7.56234e-09,0.969514,0.245037,4.61883e-06,5.74651e-07,-1.53961,6.09164
Verlet,395,9.19204e-08,7.62009e-09,0.96936,0.245646,4.63031e-06,5.77553e-07,-1.54344,6.09067
Verlet,396,9.23846e-08,7.67785e-09,0.969205,0.246255,4.64179e-06,5.80469e-07,-1.54726,6.0897
Verlet,397,9.28488e-08,7.73619e-09,0.96905,0.246864,4.65327e-06,5.83386e-07,-1.55109,6.08872
Verlet,398,9.33153e-08,7.79453e-09,0.968895,0.247473,4.66475e-06,5.86317e-07,-1.55492,6.08775
Verlet,399,9.37817e-08,7.85345e-09,0.968739,0.248081,4.67622e-06,5.89248e-07,-1.55874,6.08677
Verlet,400,9.42505e-08,7.91238e-09,0.968583,0.24869,4.68769e-06,5.92193e-07,-1.56256,6.08579
Verlet,401,9.47192e-08,7.97189e-09,0.968427,0.249298,4.69916e-06,5.95139e-07,-1.56639,6.08481
Verlet,402,9.51904e-08,8.03141e-09,0.96827,0.249907,4.71063e-06,5.98098e-07,-1.57021,6.08382
Verlet,403,9.56614e-08,8.09151e-09,0.968113,0.250515,4.7221e-06,6.01059e-07,-1.57403,6.08283
Verlet,404,9.61348e-08,8.15162e-09,0.967955,0.251123,4.73356e-06,6.04032e-07,-1.57785,6.08184
Verlet,405,9.66081e-08,8.21232e-09,0.967797,0.251732,4.74503e-06,6.07007e-07,-1.58168,6.08085
Verlet,406,9.70838e-08,8.27302e-09,0.967639,0.25234,4.75649e-06,6.09995e-07,-1.5855,6.07985
Verlet,407,9.75594e-08,8.33431e-09,0.96748,0.252948,4.76795e-06,6.12984e-07,-1.58932,6.07886
Verlet,408,9.80374e-08,8.39562e-09,0.967321,0.253555,4.7794e-06,6.15987e-07,-1.59313,6.07786
Verlet,409,9.85153e-08,8.45751e-09,0.967162,0.254163,4.79086e-06,6.1899e-07,-1.59695,6.07686
Verlet,410,9.89956e-08,8.51942e-09,0.967001,0.254771,4.80231e-06,6.22007e-07,-1.60077,6.07585
Verlet,411,9.94757e-08,8.58191e-09,0.966841,0.255378,4.81377e-06,6.25025e-07,-1.60459,6.07484
Verlet,412,9.99583e-08,8.64442e-09,0.966681,0.255986,4.82522e-06,6.28056e-07,-1.60841,6.07383
Verlet,413,1.00441e-07,8.70752e-09,0.96652,0.256593,4.83667e-06,6.31088e-07,-1.61222,6.07282
Verlet,414,1.00926e-07,8.77064e-09,0.966358,0.2572,4.84811e-06,6.34134e-07,-1.61604,6.07181
Verlet,415,1.0141e-07,8.83435e-09,0.966197,0.257807,4.85956e-06,6.37181e-07,-1.61985,6.07079
Verlet,416,1.01898e-07,8.89808e-09,0.966034,0.258414,4.871e-06,6.40241e-07,-1.62367,6.06977
Verlet,417,1.02385e-07,8.9624e-09,0.965872,0.259021,4.88244e-06,6.43302e-07,-1.62748,6.06875
Verlet,418,1.02874e-07,9.02674e-09,0.965709,0.259628,4.89387e-06,6.46376e-07,-1.63129,6.06773
Verlet,419,1.03363e-07,9.09168e-09,0.965546,0.260235,4.90531e-06,6.49452e-07,-1.6351,6.0667
Verlet,420,1.03855e-07,9.15663e-09,0.965382,0.260842,4.91675e-06,6.52541e-07,-1.63892,6.06567
Verlet,421,1.04347e-07,9.22218e-09,0.965218,0.261448,4.92818e-06,6.5563e-07,-1.64273,6.06464
Verlet,422,1.04841e-07,9.28775e-09,0.965053,0.262055,4.93961e-06,6.58733e-07,-1.64654,6.06361
Verlet,423,1.05335e-07,9.35393e-09,0.964888,0.262661,4.95104e-06,6.61837e-07,-1.65035,6.06257
Verlet,424,1.05831e-07,9.42012e-09,0.964723,0.263267,4.96246e-06,6.64955e-07,-1.65415,6.06153
Verlet,425,1.06327e-07,9.48692e-09,0.964558,0.263873,4.97389e-06,6.68074e-07,-1.65796,6.06049
Verlet,426,1.06826e-07,9.55373e-09,0.964391,0.264479,4.98531e-06,6.71205e-07,-1.66177,6.05945
Verlet,427,1.07324e-07,9.62116e-09,0.964225,0.265085,4.99673e-06,6.74338e-07,-1.66558,6.05841
Verlet,428,1.07825e-07,9.6886e-09,0.964058,0.265691,5.00815e-06,6.77485e-07,-1.66938,6.05736
Verlet,429,1.08326e-07,9.75666e-09,0.963891,0.266296,5.01957e-06,6.80632e-07,-1.67319,6.05631
Verlet,430,1.08829e-07,9.82473e-09,0.963724,0.266902,5.03098e-06,6.83792e-07,-1.67699,6.05525
Verlet,431,1.09332e-07,9.89342e-09,0.963556,0.267507,5.0424e-06,6.86954e-07,-1.6808,6.0542
Verlet,432,1.09837e-07,9.96212e-09,0.963388,0.268113,5.05381e-06,6.90129e-07,-1.6846,6.05314
Verlet,433,1.10343e-07,1.00314e-08,0.963219,0.268718,5.06522e-06,6.93305e-07,-1.68841,6.05208
Verlet,434,1.10851e-07,1.01008e-08,0.96305,0.269323,5.07662e-06,6.96494e-07,-1.69221,6.05102
Verlet,435,1.11358e-07,1.01707e-08,0.962881,0.269928,5.08803e-06,6.99684e-07,-1.69601,6.04996
Verlet,436,1.11868e-07,1.02407e-08,0.962711,0.270533,5.09943e-06,7.02888e-07,-1.69981,6.04889
Verlet,437,1.12378e-07,1.03113e-08,0.962541,0.271138,5.11083e-06,7.06092e-07,-1.70361,6.04782
Verlet,438,1.1289e-07,1.03819e-08,0.96237,0.271743,5.12223e-06,7.0931e-07,-1.70741,6.04675
Verlet,439,1.13402e-07,1.04532e-08,0.962199,0.272347,5.13363e-06,7.12529e-07,-1.71121,6.04568
Verlet,440,1.13917e-07,1.05244e-08,0.962028,0.272952,5.14502e-06,7.15761e-07,-1.71501,6.0446
Verlet,441,1.14431e-07,1.05963e-08,0.961856,0.273556,5.15642e-06,7.18994e-07,-1.71881,6.04352
Verlet,442,1.14948e-07,1.06682e-08,0.961684,0.274161,5.1678e-06,7.22241e-07,-1.7226,6.04244
Verlet,443,1.15465e-07,1.07408e-08,0.961512,0.274765,5.1792e-06,7.25488e-07,-1.7264,6.04136
Verlet,444,1.15984e-07,1.08133e-08,0.961339,0.275369,5.19058e-06,7.28749e-07,-1.73019,6.04027
Verlet,445,1.16503e-07,1.08865e-08,0.961166,0.275973,5.20197e-06,7.32011e-07,-1.73399,6.03918
Verlet,446,1.17025e-07,1.09597e-08,0.960992,0.276577,5.21335e-06,7.35286e-07,-1.73778,6.03809
Verlet,447,1.17546e-07,1.10336e-08,0.960818,0.277181,5.22473e-06,7.38562e-07,-1.74158,6.037
Verlet,448,1.18069e-07,1.11075e-08,0.960644,0.277784,5.23611e-06,7.41852e-07,-1.74537,6.0359
Verlet,449,1.18593e-07,1.1182e-08,0.960469,0.278388,5.24748e-06,7.45142e-07,-1.74916,6.0348
Verlet,450,1.19119e-07,1.12565e-08,0.960294,0.278991,5.25886e-06,7.48446e-07,-1.75295,6.0337
Verlet,451,1.19645e-07,1.13316e-08,0.960118,0.279594,5.27023e-06,7.51751e-07,-1.75674,6.0326
Verlet,452,1.20173e-07,1.14068e-08,0.959942,0.280198,5.2816e-06,7.55069e-07,-1.76053,6.0315
Verlet,453,1.20701e-07,1.14827e-08,0.959766,0.280801,5.29297e-06,7.58388e-07,-1.76432,6.03039
Verlet,454,1.21232e-07,1.15585e-08,0.959589,0.281404,5.30433e-06,7.6172e-07,-1.76811,6.02928
Verlet,455,1.21762e-07,1.1635e-08,0.959413,0.282007,5.3157e-06,7.65054e-07,-1.7719,6.02817
Verlet,456,1.22295e-07,1.17115e-08,0.959235,0.282609,5.32706e-06,7.684e-07,-1.77569,6.02705
Verlet,457,1.22827e-07,1.17887e-08,0.959058,0.283212,5.33842e-06,7.71748e-07,-1.77947,6.02594
Verlet,458,1.23362e-07,1.18659e-08,0.958879,0.283815,5.34978e-06,7.75109e-07,-1.78326,6.02482
Verlet,459,1.23897e-07,1.19437e-08,0.958701,0.284417,5.36113e-06,7.7847e-07,-1.78704,6.0237
Verlet,460,1.24435e-07,1.20216e-08,0.958522,0.285019,5.37249e-06,7.81846e-07,-1.79083,6.02257
Verlet,461,1.24972e-07,1.21001e-08,0.958343,0.285621,5.38384e-06,7.85222e-07,-1.79461,6.02144
Verlet,462,1.25511e-07,1.21786e-08,0.958163,0.286224,5.39519e-06,7.88611e-07,-1.7984,6.02031
Verlet,463,1.26051e-07,1.22578e-08,0.957983,0.286826,5.40653e-06,7.92001e-07,-1.80218,6.01918
Verlet,464,1.26593e-07,1.2337e-08,0.957802,0.287427,5.41788e-06,7.95405e-07,-1.80596,6.01805
Verlet,465,1.27134e-07,1.24169e-08,0.957622,0.288029,5.42922e-06,7.9881e-07,-1.80974,6.01692
Verlet,466,1.27679e-07,1.24968e-08,0.95744,0.288631,5.44056e-06,8.02228e-07,-1.81352,6.01578
Verlet,467,1.28223e-07,1.25773e-08,0.957259,0.289232,5.4519e-06,8.05647e-07,-1.8173,6.01464
Verlet,468,1.28769e-07,1.26579e-08,0.957077,0.289834,5.46324e-06,8.09079e-07,-1.82108,6.01349
Verlet,469,1.29315e-07,1.27391e-08,0.956895,0.290435,5.47457e-06,8.12512e-07,-1.82486,6.01235
Verlet,470,1.29864e-07,1.28204e-08,0.956712,0.291036,5.4859e-06,8.15958e-07,-1.82863,6.0112
Verlet,471,1.30412e-07,1.29023e-08,0.956529,0.291637,5.49723e-06,8.19406e-07,-1.83241,6.01005
Verlet,472,1.30963e-07,1.29843e-08,0.956346,0.292238,5.50856e-06,8.22866e-07,-1.83619,6.0089
Verlet,473,1.31514e-07,1.30669e-08,0.956162,0.292839,5.51989e-06,8.26328e-07,-1.83996,6.00774
Verlet,474,1.32067e-07,1.31495e-08,0.955978,0.29344,5.53121e-06,8.29803e-07,-1.84374,6.00658
Verlet,475,1.3262e-07,1.32329e-08,0.955793,0.29404,5.54253e-06,8.33279e-07,-1.84751,6.00543
Verlet,476,1.33176e-07,1.33162e-08,0.955608,0.294641,5.55385e-06,8.36768e-07,-1.85128,6.00426
Verlet,477,1.33731e-07,1.34002e-08,0.955423,0.295241,5.56517e-06,8.40258e-07,-1.85506,6.0031
Verlet,478,1.34289e-07,1.34843e-08,0.955237,0.295842,5.57648e-06,8.43761e-07,-1.85883,6.00193
Verlet,479,1.34846e-07,1.3569e-08,0.955051,0.296442,5.58779e-06,8.47266e-07,-1.8626,6.00076
Verlet,480,1.35406e-07,1.36537e-08,0.954865,0.297042,5.5991e-06,8.50783e-07,-1.86637,5.99959
Verlet,481,1.35966e-07,1.37391e-08,0.954678,0.297642,5.61041e-06,8.54302e-07,-1.87014,5.99842
Verlet,482,1.36528e-07,1.38246e-08,0.954491,0.298241,5.62171e-06,8.57833e-07,-1.8739,5.99724
Verlet,483,1.37091e-07,1.39107e-08,0.954303,0.298841,5.63302e-06,8.61366e-07,-1.87767,5.99606
Verlet,484,1.37655e-07,1.39968e-08,0.954115,0.299441,5.64432e-06,8.64912e-07,-1.88144,5.99488
Verlet,485,1.38219e-07,1.40837e-08,0.953927,0.30004,5.65562e-06,8.68459e-07,-1.88521,5.9937
Verlet,486,1.38786e-07,1.41705e-08,0.953738,0.300639,5.66691e-06,8.72019e-07,-1.88897,5.99251
Verlet,487,1.39353e-07,1.42581e-08,0.953549,0.301238,5.67821e-06,8.7558e-07,-1.89274,5.99133
Verlet,488,1.39922e-07,1.43456e-08,0.953359,0.301838,5.6895e-06,8.79154e-07,-1.8965,5.99013
Verlet,489,1.40491e-07,1.44339e-08,0.95317,0.302436,5.70079e-06,8.8273e-07,-1.90026,5.98894
Verlet,490,1.41062e-07,1.45222e-08,0.952979,0.303035,5.71208e-06,8.86318e-07,-1.90403,5.98775
Verlet,491,1.41633e-07,1.46112e-08,0.952789,0.303634,5.72337e-06,8.89908e-07,-1.90779,5.98655
Verlet,492,1.42207e-07,1.47002e-08,0.952598,0.304233,5.73465e-06,8.9351e-07,-1.91155,5.98535
Verlet,493,1.4278e-07,1.47899e-08,0.952407,0.304831,5.74593e-06,8.97114e-07,-1.91531,5.98415
Verlet,494,1.43356e-07,1.48796e-08,0.952215,0.305429,5.75721e-06,9.00731e-07,-1.91907,5.98294
Verlet,495,1.43931e-07,1.497e-08,0.952023,0.306028,5.76849e-06,9.04349e-07,-1.92283,5.98174
Verlet,496,1.4451e-07,1.50605e-08,0.95183,0.306626,5.77976e-06,9.0798e-07,-1.92659,5.98053
Verlet,497,1.45087e-07,1.51516e-08,0.951638,0.307224,5.79103e-06,9.11612e-07,-1.93034,5.97931
Verlet,498,1.45668e-07,1.52428e-08,0.951444,0.307822,5.8023e-06,9.15257e-07,-1.9341,5.9781
Verlet,499,1.46248e-07,1.53347e-08,0.951251,0.308419,5.81357e-06,9.18903e-07,-1.93786,5.97688
